station_id,station_name,latitude,longitude,timestamp,parameter,value
ST001,Colaba,18.9067,72.8147,2026-04-01 10:00:00,pm25,42.37
ST001,Colaba,18.9067,72.8147,2026-04-01 10:00:00,pm10,60.48
ST001,Colaba,18.9067,72.8147,2026-04-01 10:00:00,temperature,29.04
ST001,Colaba,18.9067,72.8147,2026-04-01 10:00:00,humidity,64.88
ST001,Colaba,18.9067,72.8147,2026-04-02 10:00:00,pm25,44.01
ST001,Colaba,18.9067,72.8147,2026-04-02 10:00:00,pm10,62.63
ST001,Colaba,18.9067,72.8147,2026-04-02 10:00:00,temperature,28.85
ST001,Colaba,18.9067,72.8147,2026-04-02 10:00:00,humidity,61.79
ST001,Colaba,18.9067,72.8147,2026-04-03 10:00:00,pm25,45.34
ST001,Colaba,18.9067,72.8147,2026-04-03 10:00:00,pm10,55.95
ST001,Colaba,18.9067,72.8147,2026-04-03 10:00:00,temperature,29.05
ST001,Colaba,18.9067,72.8147,2026-04-03 10:00:00,humidity,62.34
ST001,Colaba,18.9067,72.8147,2026-04-04 10:00:00,pm25,47.30
ST001,Colaba,18.9067,72.8147,2026-04-04 10:00:00,pm10,53.03
ST001,Colaba,18.9067,72.8147,2026-04-04 10:00:00,temperature,28.70
ST001,Colaba,18.9067,72.8147,2026-04-04 10:00:00,humidity,61.69
ST001,Colaba,18.9067,72.8147,2026-04-05 10:00:00,pm25,48.96
ST001,Colaba,18.9067,72.8147,2026-04-05 10:00:00,pm10,66.99
ST001,Colaba,18.9067,72.8147,2026-04-05 10:00:00,temperature,29.48
ST001,Colaba,18.9067,72.8147,2026-04-05 10:00:00,humidity,59.79
ST001,Colaba,18.9067,72.8147,2026-04-06 10:00:00,pm25,49.08
ST001,Colaba,18.9067,72.8147,2026-04-06 10:00:00,pm10,66.89
ST001,Colaba,18.9067,72.8147,2026-04-06 10:00:00,temperature,29.46
ST001,Colaba,18.9067,72.8147,2026-04-06 10:00:00,humidity,63.45
ST001,Colaba,18.9067,72.8147,2026-04-07 10:00:00,pm25,47.03
ST001,Colaba,18.9067,72.8147,2026-04-07 10:00:00,pm10,75.11
ST001,Colaba,18.9067,72.8147,2026-04-07 10:00:00,temperature,29.53
ST001,Colaba,18.9067,72.8147,2026-04-07 10:00:00,humidity,59.23
ST001,Colaba,18.9067,72.8147,2026-04-08 10:00:00,pm25,64.34
ST001,Colaba,18.9067,72.8147,2026-04-08 10:00:00,pm10,87.72
ST001,Colaba,18.9067,72.8147,2026-04-08 10:00:00,temperature,31.06
ST001,Colaba,18.9067,72.8147,2026-04-08 10:00:00,humidity,58.69
ST001,Colaba,18.9067,72.8147,2026-04-09 10:00:00,pm25,43.67
ST001,Colaba,18.9067,72.8147,2026-04-09 10:00:00,pm10,60.00
ST001,Colaba,18.9067,72.8147,2026-04-09 10:00:00,temperature,29.34
ST001,Colaba,18.9067,72.8147,2026-04-09 10:00:00,humidity,60.03
ST001,Colaba,18.9067,72.8147,2026-04-10 10:00:00,pm25,39.07
ST001,Colaba,18.9067,72.8147,2026-04-10 10:00:00,pm10,51.85
ST001,Colaba,18.9067,72.8147,2026-04-10 10:00:00,temperature,29.88
ST001,Colaba,18.9067,72.8147,2026-04-10 10:00:00,humidity,60.64
ST001,Colaba,18.9067,72.8147,2026-04-11 10:00:00,pm25,35.98
ST001,Colaba,18.9067,72.8147,2026-04-11 10:00:00,pm10,52.49
ST001,Colaba,18.9067,72.8147,2026-04-11 10:00:00,temperature,30.66
ST001,Colaba,18.9067,72.8147,2026-04-11 10:00:00,humidity,59.65
ST001,Colaba,18.9067,72.8147,2026-04-12 10:00:00,pm25,39.97
ST001,Colaba,18.9067,72.8147,2026-04-12 10:00:00,pm10,53.29
ST001,Colaba,18.9067,72.8147,2026-04-12 10:00:00,temperature,29.15
ST001,Colaba,18.9067,72.8147,2026-04-12 10:00:00,humidity,59.57
ST001,Colaba,18.9067,72.8147,2026-04-13 10:00:00,pm25,44.86
ST001,Colaba,18.9067,72.8147,2026-04-13 10:00:00,pm10,70.03
ST001,Colaba,18.9067,72.8147,2026-04-13 10:00:00,temperature,29.53
ST001,Colaba,18.9067,72.8147,2026-04-13 10:00:00,humidity,61.52
ST001,Colaba,18.9067,72.8147,2026-04-14 10:00:00,pm25,43.74
ST001,Colaba,18.9067,72.8147,2026-04-14 10:00:00,pm10,56.87
ST001,Colaba,18.9067,72.8147,2026-04-14 10:00:00,temperature,29.86
ST001,Colaba,18.9067,72.8147,2026-04-14 10:00:00,humidity,58.37
ST001,Colaba,18.9067,72.8147,2026-04-15 10:00:00,pm25,79.88
ST001,Colaba,18.9067,72.8147,2026-04-15 10:00:00,pm10,105.90
ST001,Colaba,18.9067,72.8147,2026-04-15 10:00:00,temperature,29.96
ST001,Colaba,18.9067,72.8147,2026-04-15 10:00:00,humidity,57.19
ST001,Colaba,18.9067,72.8147,2026-04-16 10:00:00,pm25,48.66
ST001,Colaba,18.9067,72.8147,2026-04-16 10:00:00,pm10,76.00
ST001,Colaba,18.9067,72.8147,2026-04-16 10:00:00,temperature,30.21
ST001,Colaba,18.9067,72.8147,2026-04-16 10:00:00,humidity,57.90
ST001,Colaba,18.9067,72.8147,2026-04-17 10:00:00,pm25,44.74
ST001,Colaba,18.9067,72.8147,2026-04-17 10:00:00,pm10,64.04
ST001,Colaba,18.9067,72.8147,2026-04-17 10:00:00,temperature,30.46
ST001,Colaba,18.9067,72.8147,2026-04-17 10:00:00,humidity,57.62
ST001,Colaba,18.9067,72.8147,2026-04-18 10:00:00,pm25,45.10
ST001,Colaba,18.9067,72.8147,2026-04-18 10:00:00,pm10,67.17
ST001,Colaba,18.9067,72.8147,2026-04-18 10:00:00,temperature,30.80
ST001,Colaba,18.9067,72.8147,2026-04-18 10:00:00,humidity,60.25
ST001,Colaba,18.9067,72.8147,2026-04-19 10:00:00,pm25,45.71
ST001,Colaba,18.9067,72.8147,2026-04-19 10:00:00,pm10,72.25
ST001,Colaba,18.9067,72.8147,2026-04-19 10:00:00,temperature,30.31
ST001,Colaba,18.9067,72.8147,2026-04-19 10:00:00,humidity,57.10
ST001,Colaba,18.9067,72.8147,2026-04-20 10:00:00,pm25,46.69
ST001,Colaba,18.9067,72.8147,2026-04-20 10:00:00,pm10,67.23
ST001,Colaba,18.9067,72.8147,2026-04-20 10:00:00,temperature,30.89
ST001,Colaba,18.9067,72.8147,2026-04-20 10:00:00,humidity,55.57
ST001,Colaba,18.9067,72.8147,2026-04-21 10:00:00,pm25,47.82
ST001,Colaba,18.9067,72.8147,2026-04-21 10:00:00,pm10,64.89
ST001,Colaba,18.9067,72.8147,2026-04-21 10:00:00,temperature,30.40
ST001,Colaba,18.9067,72.8147,2026-04-21 10:00:00,humidity,58.34
ST001,Colaba,18.9067,72.8147,2026-04-22 10:00:00,pm25,47.48
ST001,Colaba,18.9067,72.8147,2026-04-22 10:00:00,pm10,62.45
ST001,Colaba,18.9067,72.8147,2026-04-22 10:00:00,temperature,32.26
ST001,Colaba,18.9067,72.8147,2026-04-22 10:00:00,humidity,57.05
ST001,Colaba,18.9067,72.8147,2026-04-23 10:00:00,pm25,53.08
ST001,Colaba,18.9067,72.8147,2026-04-23 10:00:00,pm10,75.40
ST001,Colaba,18.9067,72.8147,2026-04-23 10:00:00,temperature,31.99
ST001,Colaba,18.9067,72.8147,2026-04-23 10:00:00,humidity,56.82
ST001,Colaba,18.9067,72.8147,2026-04-24 10:00:00,pm25,55.04
ST001,Colaba,18.9067,72.8147,2026-04-24 10:00:00,pm10,87.99
ST001,Colaba,18.9067,72.8147,2026-04-24 10:00:00,temperature,30.98
ST001,Colaba,18.9067,72.8147,2026-04-24 10:00:00,humidity,54.24
ST001,Colaba,18.9067,72.8147,2026-04-25 10:00:00,pm25,56.22
ST001,Colaba,18.9067,72.8147,2026-04-25 10:00:00,pm10,74.05
ST001,Colaba,18.9067,72.8147,2026-04-25 10:00:00,temperature,31.73
ST001,Colaba,18.9067,72.8147,2026-04-25 10:00:00,humidity,53.58
ST001,Colaba,18.9067,72.8147,2026-04-26 10:00:00,pm25,57.10
ST001,Colaba,18.9067,72.8147,2026-04-26 10:00:00,pm10,85.80
ST001,Colaba,18.9067,72.8147,2026-04-26 10:00:00,temperature,32.51
ST001,Colaba,18.9067,72.8147,2026-04-26 10:00:00,humidity,54.78
ST001,Colaba,18.9067,72.8147,2026-04-27 10:00:00,pm25,58.55
ST001,Colaba,18.9067,72.8147,2026-04-27 10:00:00,pm10,85.30
ST001,Colaba,18.9067,72.8147,2026-04-27 10:00:00,temperature,32.58
ST001,Colaba,18.9067,72.8147,2026-04-27 10:00:00,humidity,52.62
ST001,Colaba,18.9067,72.8147,2026-04-28 10:00:00,pm25,58.16
ST001,Colaba,18.9067,72.8147,2026-04-28 10:00:00,pm10,88.73
ST001,Colaba,18.9067,72.8147,2026-04-28 10:00:00,temperature,32.53
ST001,Colaba,18.9067,72.8147,2026-04-28 10:00:00,humidity,54.11
ST001,Colaba,18.9067,72.8147,2026-04-29 10:00:00,pm25,66.49
ST001,Colaba,18.9067,72.8147,2026-04-29 10:00:00,pm10,104.00
ST001,Colaba,18.9067,72.8147,2026-04-29 10:00:00,temperature,32.69
ST001,Colaba,18.9067,72.8147,2026-04-29 10:00:00,humidity,52.26
ST001,Colaba,18.9067,72.8147,2026-04-30 10:00:00,pm25,69.08
ST001,Colaba,18.9067,72.8147,2026-04-30 10:00:00,pm10,89.97
ST001,Colaba,18.9067,72.8147,2026-04-30 10:00:00,temperature,32.53
ST001,Colaba,18.9067,72.8147,2026-04-30 10:00:00,humidity,50.66
ST001,Colaba,18.9067,72.8147,2026-05-01 10:00:00,pm25,66.02
ST001,Colaba,18.9067,72.8147,2026-05-01 10:00:00,pm10,91.22
ST001,Colaba,18.9067,72.8147,2026-05-01 10:00:00,temperature,31.95
ST001,Colaba,18.9067,72.8147,2026-05-01 10:00:00,humidity,50.28
ST001,Colaba,18.9067,72.8147,2026-05-02 10:00:00,pm25,67.04
ST001,Colaba,18.9067,72.8147,2026-05-02 10:00:00,pm10,89.01
ST001,Colaba,18.9067,72.8147,2026-05-02 10:00:00,temperature,32.31
ST001,Colaba,18.9067,72.8147,2026-05-02 10:00:00,humidity,52.84
ST001,Colaba,18.9067,72.8147,2026-05-03 10:00:00,pm25,71.33
ST001,Colaba,18.9067,72.8147,2026-05-03 10:00:00,pm10,101.88
ST001,Colaba,18.9067,72.8147,2026-05-03 10:00:00,temperature,32.84
ST001,Colaba,18.9067,72.8147,2026-05-03 10:00:00,humidity,51.48
ST002,Bandra,19.0596,72.8295,2026-04-01 10:00:00,pm25,52.43
ST002,Bandra,19.0596,72.8295,2026-04-01 10:00:00,pm10,95.41
ST002,Bandra,19.0596,72.8295,2026-04-01 10:00:00,temperature,30.50
ST002,Bandra,19.0596,72.8295,2026-04-01 10:00:00,humidity,70.55
ST002,Bandra,19.0596,72.8295,2026-04-02 10:00:00,pm25,52.90
ST002,Bandra,19.0596,72.8295,2026-04-02 10:00:00,pm10,96.62
ST002,Bandra,19.0596,72.8295,2026-04-02 10:00:00,temperature,30.15
ST002,Bandra,19.0596,72.8295,2026-04-02 10:00:00,humidity,72.88
ST002,Bandra,19.0596,72.8295,2026-04-03 10:00:00,pm25,57.42
ST002,Bandra,19.0596,72.8295,2026-04-03 10:00:00,pm10,91.39
ST002,Bandra,19.0596,72.8295,2026-04-03 10:00:00,temperature,30.99
ST002,Bandra,19.0596,72.8295,2026-04-03 10:00:00,humidity,71.54
ST002,Bandra,19.0596,72.8295,2026-04-04 10:00:00,pm25,61.51
ST002,Bandra,19.0596,72.8295,2026-04-04 10:00:00,pm10,91.72
ST002,Bandra,19.0596,72.8295,2026-04-04 10:00:00,temperature,32.30
ST002,Bandra,19.0596,72.8295,2026-04-04 10:00:00,humidity,73.32
ST002,Bandra,19.0596,72.8295,2026-04-05 10:00:00,pm25,62.63
ST002,Bandra,19.0596,72.8295,2026-04-05 10:00:00,pm10,89.47
ST002,Bandra,19.0596,72.8295,2026-04-05 10:00:00,temperature,31.78
ST002,Bandra,19.0596,72.8295,2026-04-05 10:00:00,humidity,70.55
ST002,Bandra,19.0596,72.8295,2026-04-06 10:00:00,pm25,63.41
ST002,Bandra,19.0596,72.8295,2026-04-06 10:00:00,pm10,92.26
ST002,Bandra,19.0596,72.8295,2026-04-06 10:00:00,temperature,31.27
ST002,Bandra,19.0596,72.8295,2026-04-06 10:00:00,humidity,70.76
ST002,Bandra,19.0596,72.8295,2026-04-07 10:00:00,pm25,57.64
ST002,Bandra,19.0596,72.8295,2026-04-07 10:00:00,pm10,91.45
ST002,Bandra,19.0596,72.8295,2026-04-07 10:00:00,temperature,33.11
ST002,Bandra,19.0596,72.8295,2026-04-07 10:00:00,humidity,70.02
ST002,Bandra,19.0596,72.8295,2026-04-08 10:00:00,pm25,53.94
ST002,Bandra,19.0596,72.8295,2026-04-08 10:00:00,pm10,91.56
ST002,Bandra,19.0596,72.8295,2026-04-08 10:00:00,temperature,32.76
ST002,Bandra,19.0596,72.8295,2026-04-08 10:00:00,humidity,69.40
ST002,Bandra,19.0596,72.8295,2026-04-09 10:00:00,pm25,53.90
ST002,Bandra,19.0596,72.8295,2026-04-09 10:00:00,pm10,92.93
ST002,Bandra,19.0596,72.8295,2026-04-09 10:00:00,temperature,33.33
ST002,Bandra,19.0596,72.8295,2026-04-09 10:00:00,humidity,67.86
ST002,Bandra,19.0596,72.8295,2026-04-10 10:00:00,pm25,57.25
ST002,Bandra,19.0596,72.8295,2026-04-10 10:00:00,pm10,95.44
ST002,Bandra,19.0596,72.8295,2026-04-10 10:00:00,temperature,33.42
ST002,Bandra,19.0596,72.8295,2026-04-10 10:00:00,humidity,70.57
ST002,Bandra,19.0596,72.8295,2026-04-11 10:00:00,pm25,55.12
ST002,Bandra,19.0596,72.8295,2026-04-11 10:00:00,pm10,98.77
ST002,Bandra,19.0596,72.8295,2026-04-11 10:00:00,temperature,33.16
ST002,Bandra,19.0596,72.8295,2026-04-11 10:00:00,humidity,66.46
ST002,Bandra,19.0596,72.8295,2026-04-12 10:00:00,pm25,53.53
ST002,Bandra,19.0596,72.8295,2026-04-12 10:00:00,pm10,94.07
ST002,Bandra,19.0596,72.8295,2026-04-12 10:00:00,temperature,33.11
ST002,Bandra,19.0596,72.8295,2026-04-12 10:00:00,humidity,67.94
ST002,Bandra,19.0596,72.8295,2026-04-13 10:00:00,pm25,50.90
ST002,Bandra,19.0596,72.8295,2026-04-13 10:00:00,pm10,96.73
ST002,Bandra,19.0596,72.8295,2026-04-13 10:00:00,temperature,34.05
ST002,Bandra,19.0596,72.8295,2026-04-13 10:00:00,humidity,70.05
ST002,Bandra,19.0596,72.8295,2026-04-14 10:00:00,pm25,47.38
ST002,Bandra,19.0596,72.8295,2026-04-14 10:00:00,pm10,95.59
ST002,Bandra,19.0596,72.8295,2026-04-14 10:00:00,temperature,33.85
ST002,Bandra,19.0596,72.8295,2026-04-14 10:00:00,humidity,71.38
ST002,Bandra,19.0596,72.8295,2026-04-15 10:00:00,pm25,72.16
ST002,Bandra,19.0596,72.8295,2026-04-15 10:00:00,pm10,140.52
ST002,Bandra,19.0596,72.8295,2026-04-15 10:00:00,temperature,33.61
ST002,Bandra,19.0596,72.8295,2026-04-15 10:00:00,humidity,72.44
ST002,Bandra,19.0596,72.8295,2026-04-16 10:00:00,pm25,47.36
ST002,Bandra,19.0596,72.8295,2026-04-16 10:00:00,pm10,96.63
ST002,Bandra,19.0596,72.8295,2026-04-16 10:00:00,temperature,33.86
ST002,Bandra,19.0596,72.8295,2026-04-16 10:00:00,humidity,70.79
ST002,Bandra,19.0596,72.8295,2026-04-17 10:00:00,pm25,50.19
ST002,Bandra,19.0596,72.8295,2026-04-17 10:00:00,pm10,106.37
ST002,Bandra,19.0596,72.8295,2026-04-17 10:00:00,temperature,32.61
ST002,Bandra,19.0596,72.8295,2026-04-17 10:00:00,humidity,70.14
ST002,Bandra,19.0596,72.8295,2026-04-18 10:00:00,pm25,46.51
ST002,Bandra,19.0596,72.8295,2026-04-18 10:00:00,pm10,94.53
ST002,Bandra,19.0596,72.8295,2026-04-18 10:00:00,temperature,32.88
ST002,Bandra,19.0596,72.8295,2026-04-18 10:00:00,humidity,66.19
ST002,Bandra,19.0596,72.8295,2026-04-19 10:00:00,pm25,48.04
ST002,Bandra,19.0596,72.8295,2026-04-19 10:00:00,pm10,88.44
ST002,Bandra,19.0596,72.8295,2026-04-19 10:00:00,temperature,33.53
ST002,Bandra,19.0596,72.8295,2026-04-19 10:00:00,humidity,68.90
ST002,Bandra,19.0596,72.8295,2026-04-20 10:00:00,pm25,68.36
ST002,Bandra,19.0596,72.8295,2026-04-20 10:00:00,pm10,118.23
ST002,Bandra,19.0596,72.8295,2026-04-20 10:00:00,temperature,33.21
ST002,Bandra,19.0596,72.8295,2026-04-20 10:00:00,humidity,67.62
ST002,Bandra,19.0596,72.8295,2026-04-21 10:00:00,pm25,72.43
ST002,Bandra,19.0596,72.8295,2026-04-21 10:00:00,pm10,127.27
ST002,Bandra,19.0596,72.8295,2026-04-21 10:00:00,temperature,33.15
ST002,Bandra,19.0596,72.8295,2026-04-21 10:00:00,humidity,64.89
ST002,Bandra,19.0596,72.8295,2026-04-22 10:00:00,pm25,44.75
ST002,Bandra,19.0596,72.8295,2026-04-22 10:00:00,pm10,92.27
ST002,Bandra,19.0596,72.8295,2026-04-22 10:00:00,temperature,33.12
ST002,Bandra,19.0596,72.8295,2026-04-22 10:00:00,humidity,63.49
ST002,Bandra,19.0596,72.8295,2026-04-23 10:00:00,pm25,42.26
ST002,Bandra,19.0596,72.8295,2026-04-23 10:00:00,pm10,97.76
ST002,Bandra,19.0596,72.8295,2026-04-23 10:00:00,temperature,33.09
ST002,Bandra,19.0596,72.8295,2026-04-23 10:00:00,humidity,60.85
ST002,Bandra,19.0596,72.8295,2026-04-24 10:00:00,pm25,42.58
ST002,Bandra,19.0596,72.8295,2026-04-24 10:00:00,pm10,100.30
ST002,Bandra,19.0596,72.8295,2026-04-24 10:00:00,temperature,33.55
ST002,Bandra,19.0596,72.8295,2026-04-24 10:00:00,humidity,61.64
ST002,Bandra,19.0596,72.8295,2026-04-25 10:00:00,pm25,41.30
ST002,Bandra,19.0596,72.8295,2026-04-25 10:00:00,pm10,100.18
ST002,Bandra,19.0596,72.8295,2026-04-25 10:00:00,temperature,34.58
ST002,Bandra,19.0596,72.8295,2026-04-25 10:00:00,humidity,60.99
ST002,Bandra,19.0596,72.8295,2026-04-26 10:00:00,pm25,43.13
ST002,Bandra,19.0596,72.8295,2026-04-26 10:00:00,pm10,102.43
ST002,Bandra,19.0596,72.8295,2026-04-26 10:00:00,temperature,34.31
ST002,Bandra,19.0596,72.8295,2026-04-26 10:00:00,humidity,59.03
ST002,Bandra,19.0596,72.8295,2026-04-27 10:00:00,pm25,65.47
ST002,Bandra,19.0596,72.8295,2026-04-27 10:00:00,pm10,148.38
ST002,Bandra,19.0596,72.8295,2026-04-27 10:00:00,temperature,33.97
ST002,Bandra,19.0596,72.8295,2026-04-27 10:00:00,humidity,62.21
ST002,Bandra,19.0596,72.8295,2026-04-28 10:00:00,pm25,43.90
ST002,Bandra,19.0596,72.8295,2026-04-28 10:00:00,pm10,87.62
ST002,Bandra,19.0596,72.8295,2026-04-28 10:00:00,temperature,34.69
ST002,Bandra,19.0596,72.8295,2026-04-28 10:00:00,humidity,58.75
ST002,Bandra,19.0596,72.8295,2026-04-29 10:00:00,pm25,42.34
ST002,Bandra,19.0596,72.8295,2026-04-29 10:00:00,pm10,83.72
ST002,Bandra,19.0596,72.8295,2026-04-29 10:00:00,temperature,34.11
ST002,Bandra,19.0596,72.8295,2026-04-29 10:00:00,humidity,57.40
ST002,Bandra,19.0596,72.8295,2026-04-30 10:00:00,pm25,65.28
ST002,Bandra,19.0596,72.8295,2026-04-30 10:00:00,pm10,129.48
ST002,Bandra,19.0596,72.8295,2026-04-30 10:00:00,temperature,35.51
ST002,Bandra,19.0596,72.8295,2026-04-30 10:00:00,humidity,58.11
ST002,Bandra,19.0596,72.8295,2026-05-01 10:00:00,pm25,45.60
ST002,Bandra,19.0596,72.8295,2026-05-01 10:00:00,pm10,89.68
ST002,Bandra,19.0596,72.8295,2026-05-01 10:00:00,temperature,35.40
ST002,Bandra,19.0596,72.8295,2026-05-01 10:00:00,humidity,55.44
ST002,Bandra,19.0596,72.8295,2026-05-02 10:00:00,pm25,50.80
ST002,Bandra,19.0596,72.8295,2026-05-02 10:00:00,pm10,96.02
ST002,Bandra,19.0596,72.8295,2026-05-02 10:00:00,temperature,34.72
ST002,Bandra,19.0596,72.8295,2026-05-02 10:00:00,humidity,55.93
ST002,Bandra,19.0596,72.8295,2026-05-03 10:00:00,pm25,53.52
ST002,Bandra,19.0596,72.8295,2026-05-03 10:00:00,pm10,91.90
ST002,Bandra,19.0596,72.8295,2026-05-03 10:00:00,temperature,35.76
ST002,Bandra,19.0596,72.8295,2026-05-03 10:00:00,humidity,55.31
ST003,Andheri,19.1136,72.8697,2026-04-01 10:00:00,pm25,60.55
ST003,Andheri,19.1136,72.8697,2026-04-01 10:00:00,pm10,113.98
ST003,Andheri,19.1136,72.8697,2026-04-01 10:00:00,temperature,28.47
ST003,Andheri,19.1136,72.8697,2026-04-01 10:00:00,humidity,72.08
ST003,Andheri,19.1136,72.8697,2026-04-02 10:00:00,pm25,61.93
ST003,Andheri,19.1136,72.8697,2026-04-02 10:00:00,pm10,107.45
ST003,Andheri,19.1136,72.8697,2026-04-02 10:00:00,temperature,28.27
ST003,Andheri,19.1136,72.8697,2026-04-02 10:00:00,humidity,71.73
ST003,Andheri,19.1136,72.8697,2026-04-03 10:00:00,pm25,62.98
ST003,Andheri,19.1136,72.8697,2026-04-03 10:00:00,pm10,115.83
ST003,Andheri,19.1136,72.8697,2026-04-03 10:00:00,temperature,29.09
ST003,Andheri,19.1136,72.8697,2026-04-03 10:00:00,humidity,73.75
ST003,Andheri,19.1136,72.8697,2026-04-04 10:00:00,pm25,66.41
ST003,Andheri,19.1136,72.8697,2026-04-04 10:00:00,pm10,121.32
ST003,Andheri,19.1136,72.8697,2026-04-04 10:00:00,temperature,26.61
ST003,Andheri,19.1136,72.8697,2026-04-04 10:00:00,humidity,73.39
ST003,Andheri,19.1136,72.8697,2026-04-05 10:00:00,pm25,67.88
ST003,Andheri,19.1136,72.8697,2026-04-05 10:00:00,pm10,121.90
ST003,Andheri,19.1136,72.8697,2026-04-05 10:00:00,temperature,27.02
ST003,Andheri,19.1136,72.8697,2026-04-05 10:00:00,humidity,71.92
ST003,Andheri,19.1136,72.8697,2026-04-06 10:00:00,pm25,67.83
ST003,Andheri,19.1136,72.8697,2026-04-06 10:00:00,pm10,116.20
ST003,Andheri,19.1136,72.8697,2026-04-06 10:00:00,temperature,27.68
ST003,Andheri,19.1136,72.8697,2026-04-06 10:00:00,humidity,71.95
ST003,Andheri,19.1136,72.8697,2026-04-07 10:00:00,pm25,63.70
ST003,Andheri,19.1136,72.8697,2026-04-07 10:00:00,pm10,118.11
ST003,Andheri,19.1136,72.8697,2026-04-07 10:00:00,temperature,28.40
ST003,Andheri,19.1136,72.8697,2026-04-07 10:00:00,humidity,71.11
ST003,Andheri,19.1136,72.8697,2026-04-08 10:00:00,pm25,63.46
ST003,Andheri,19.1136,72.8697,2026-04-08 10:00:00,pm10,115.87
ST003,Andheri,19.1136,72.8697,2026-04-08 10:00:00,temperature,27.60
ST003,Andheri,19.1136,72.8697,2026-04-08 10:00:00,humidity,71.29
ST003,Andheri,19.1136,72.8697,2026-04-09 10:00:00,pm25,66.59
ST003,Andheri,19.1136,72.8697,2026-04-09 10:00:00,pm10,117.79
ST003,Andheri,19.1136,72.8697,2026-04-09 10:00:00,temperature,28.53
ST003,Andheri,19.1136,72.8697,2026-04-09 10:00:00,humidity,69.37
ST003,Andheri,19.1136,72.8697,2026-04-10 10:00:00,pm25,63.95
ST003,Andheri,19.1136,72.8697,2026-04-10 10:00:00,pm10,118.56
ST003,Andheri,19.1136,72.8697,2026-04-10 10:00:00,temperature,28.46
ST003,Andheri,19.1136,72.8697,2026-04-10 10:00:00,humidity,69.27
ST003,Andheri,19.1136,72.8697,2026-04-11 10:00:00,pm25,67.10
ST003,Andheri,19.1136,72.8697,2026-04-11 10:00:00,pm10,120.12
ST003,Andheri,19.1136,72.8697,2026-04-11 10:00:00,temperature,28.77
ST003,Andheri,19.1136,72.8697,2026-04-11 10:00:00,humidity,70.38
ST003,Andheri,19.1136,72.8697,2026-04-12 10:00:00,pm25,67.41
ST003,Andheri,19.1136,72.8697,2026-04-12 10:00:00,pm10,115.43
ST003,Andheri,19.1136,72.8697,2026-04-12 10:00:00,temperature,27.77
ST003,Andheri,19.1136,72.8697,2026-04-12 10:00:00,humidity,70.53
ST003,Andheri,19.1136,72.8697,2026-04-13 10:00:00,pm25,69.54
ST003,Andheri,19.1136,72.8697,2026-04-13 10:00:00,pm10,118.01
ST003,Andheri,19.1136,72.8697,2026-04-13 10:00:00,temperature,28.62
ST003,Andheri,19.1136,72.8697,2026-04-13 10:00:00,humidity,69.35
ST003,Andheri,19.1136,72.8697,2026-04-14 10:00:00,pm25,101.77
ST003,Andheri,19.1136,72.8697,2026-04-14 10:00:00,pm10,168.71
ST003,Andheri,19.1136,72.8697,2026-04-14 10:00:00,temperature,28.61
ST003,Andheri,19.1136,72.8697,2026-04-14 10:00:00,humidity,69.31
ST003,Andheri,19.1136,72.8697,2026-04-15 10:00:00,pm25,67.72
ST003,Andheri,19.1136,72.8697,2026-04-15 10:00:00,pm10,108.81
ST003,Andheri,19.1136,72.8697,2026-04-15 10:00:00,temperature,27.87
ST003,Andheri,19.1136,72.8697,2026-04-15 10:00:00,humidity,66.67
ST003,Andheri,19.1136,72.8697,2026-04-16 10:00:00,pm25,70.12
ST003,Andheri,19.1136,72.8697,2026-04-16 10:00:00,pm10,107.24
ST003,Andheri,19.1136,72.8697,2026-04-16 10:00:00,temperature,28.37
ST003,Andheri,19.1136,72.8697,2026-04-16 10:00:00,humidity,67.93
ST003,Andheri,19.1136,72.8697,2026-04-17 10:00:00,pm25,68.65
ST003,Andheri,19.1136,72.8697,2026-04-17 10:00:00,pm10,112.96
ST003,Andheri,19.1136,72.8697,2026-04-17 10:00:00,temperature,27.63
ST003,Andheri,19.1136,72.8697,2026-04-17 10:00:00,humidity,63.47
ST003,Andheri,19.1136,72.8697,2026-04-18 10:00:00,pm25,65.73
ST003,Andheri,19.1136,72.8697,2026-04-18 10:00:00,pm10,110.95
ST003,Andheri,19.1136,72.8697,2026-04-18 10:00:00,temperature,28.20
ST003,Andheri,19.1136,72.8697,2026-04-18 10:00:00,humidity,67.28
ST003,Andheri,19.1136,72.8697,2026-04-19 10:00:00,pm25,70.35
ST003,Andheri,19.1136,72.8697,2026-04-19 10:00:00,pm10,110.99
ST003,Andheri,19.1136,72.8697,2026-04-19 10:00:00,temperature,27.65
ST003,Andheri,19.1136,72.8697,2026-04-19 10:00:00,humidity,65.78
ST003,Andheri,19.1136,72.8697,2026-04-20 10:00:00,pm25,70.46
ST003,Andheri,19.1136,72.8697,2026-04-20 10:00:00,pm10,105.89
ST003,Andheri,19.1136,72.8697,2026-04-20 10:00:00,temperature,27.02
ST003,Andheri,19.1136,72.8697,2026-04-20 10:00:00,humidity,62.22
ST003,Andheri,19.1136,72.8697,2026-04-21 10:00:00,pm25,72.40
ST003,Andheri,19.1136,72.8697,2026-04-21 10:00:00,pm10,106.61
ST003,Andheri,19.1136,72.8697,2026-04-21 10:00:00,temperature,27.17
ST003,Andheri,19.1136,72.8697,2026-04-21 10:00:00,humidity,63.02
ST003,Andheri,19.1136,72.8697,2026-04-22 10:00:00,pm25,76.72
ST003,Andheri,19.1136,72.8697,2026-04-22 10:00:00,pm10,104.06
ST003,Andheri,19.1136,72.8697,2026-04-22 10:00:00,temperature,27.62
ST003,Andheri,19.1136,72.8697,2026-04-22 10:00:00,humidity,63.25
ST003,Andheri,19.1136,72.8697,2026-04-23 10:00:00,pm25,69.30
ST003,Andheri,19.1136,72.8697,2026-04-23 10:00:00,pm10,102.27
ST003,Andheri,19.1136,72.8697,2026-04-23 10:00:00,temperature,26.50
ST003,Andheri,19.1136,72.8697,2026-04-23 10:00:00,humidity,64.25
ST003,Andheri,19.1136,72.8697,2026-04-24 10:00:00,pm25,66.33
ST003,Andheri,19.1136,72.8697,2026-04-24 10:00:00,pm10,98.64
ST003,Andheri,19.1136,72.8697,2026-04-24 10:00:00,temperature,27.19
ST003,Andheri,19.1136,72.8697,2026-04-24 10:00:00,humidity,62.19
ST003,Andheri,19.1136,72.8697,2026-04-25 10:00:00,pm25,69.70
ST003,Andheri,19.1136,72.8697,2026-04-25 10:00:00,pm10,98.25
ST003,Andheri,19.1136,72.8697,2026-04-25 10:00:00,temperature,28.71
ST003,Andheri,19.1136,72.8697,2026-04-25 10:00:00,humidity,65.59
ST003,Andheri,19.1136,72.8697,2026-04-26 10:00:00,pm25,72.08
ST003,Andheri,19.1136,72.8697,2026-04-26 10:00:00,pm10,96.64
ST003,Andheri,19.1136,72.8697,2026-04-26 10:00:00,temperature,27.56
ST003,Andheri,19.1136,72.8697,2026-04-26 10:00:00,humidity,63.58
ST003,Andheri,19.1136,72.8697,2026-04-27 10:00:00,pm25,75.63
ST003,Andheri,19.1136,72.8697,2026-04-27 10:00:00,pm10,87.49
ST003,Andheri,19.1136,72.8697,2026-04-27 10:00:00,temperature,27.07
ST003,Andheri,19.1136,72.8697,2026-04-27 10:00:00,humidity,64.13
ST003,Andheri,19.1136,72.8697,2026-04-28 10:00:00,pm25,76.95
ST003,Andheri,19.1136,72.8697,2026-04-28 10:00:00,pm10,83.27
ST003,Andheri,19.1136,72.8697,2026-04-28 10:00:00,temperature,28.47
ST003,Andheri,19.1136,72.8697,2026-04-28 10:00:00,humidity,62.00
ST003,Andheri,19.1136,72.8697,2026-04-29 10:00:00,pm25,75.95
ST003,Andheri,19.1136,72.8697,2026-04-29 10:00:00,pm10,88.61
ST003,Andheri,19.1136,72.8697,2026-04-29 10:00:00,temperature,28.41
ST003,Andheri,19.1136,72.8697,2026-04-29 10:00:00,humidity,64.30
ST003,Andheri,19.1136,72.8697,2026-04-30 10:00:00,pm25,73.30
ST003,Andheri,19.1136,72.8697,2026-04-30 10:00:00,pm10,87.53
ST003,Andheri,19.1136,72.8697,2026-04-30 10:00:00,temperature,28.90
ST003,Andheri,19.1136,72.8697,2026-04-30 10:00:00,humidity,65.40
ST003,Andheri,19.1136,72.8697,2026-05-01 10:00:00,pm25,77.28
ST003,Andheri,19.1136,72.8697,2026-05-01 10:00:00,pm10,89.77
ST003,Andheri,19.1136,72.8697,2026-05-01 10:00:00,temperature,29.39
ST003,Andheri,19.1136,72.8697,2026-05-01 10:00:00,humidity,57.23
ST003,Andheri,19.1136,72.8697,2026-05-02 10:00:00,pm25,76.59
ST003,Andheri,19.1136,72.8697,2026-05-02 10:00:00,pm10,90.72
ST003,Andheri,19.1136,72.8697,2026-05-02 10:00:00,temperature,27.94
ST003,Andheri,19.1136,72.8697,2026-05-02 10:00:00,humidity,61.32
ST003,Andheri,19.1136,72.8697,2026-05-03 10:00:00,pm25,72.73
ST003,Andheri,19.1136,72.8697,2026-05-03 10:00:00,pm10,90.71
ST003,Andheri,19.1136,72.8697,2026-05-03 10:00:00,temperature,28.71
ST003,Andheri,19.1136,72.8697,2026-05-03 10:00:00,humidity,60.64
ST004,Powai,19.1176,72.9060,2026-04-01 10:00:00,pm25,54.52
ST004,Powai,19.1176,72.9060,2026-04-01 10:00:00,pm10,89.71
ST004,Powai,19.1176,72.9060,2026-04-01 10:00:00,temperature,30.54
ST004,Powai,19.1176,72.9060,2026-04-01 10:00:00,humidity,74.08
ST004,Powai,19.1176,72.9060,2026-04-02 10:00:00,pm25,50.70
ST004,Powai,19.1176,72.9060,2026-04-02 10:00:00,pm10,79.74
ST004,Powai,19.1176,72.9060,2026-04-02 10:00:00,temperature,30.31
ST004,Powai,19.1176,72.9060,2026-04-02 10:00:00,humidity,71.28
ST004,Powai,19.1176,72.9060,2026-04-03 10:00:00,pm25,47.09
ST004,Powai,19.1176,72.9060,2026-04-03 10:00:00,pm10,82.68
ST004,Powai,19.1176,72.9060,2026-04-03 10:00:00,temperature,30.99
ST004,Powai,19.1176,72.9060,2026-04-03 10:00:00,humidity,73.63
ST004,Powai,19.1176,72.9060,2026-04-04 10:00:00,pm25,72.39
ST004,Powai,19.1176,72.9060,2026-04-04 10:00:00,pm10,136.77
ST004,Powai,19.1176,72.9060,2026-04-04 10:00:00,temperature,31.42
ST004,Powai,19.1176,72.9060,2026-04-04 10:00:00,humidity,75.50
ST004,Powai,19.1176,72.9060,2026-04-05 10:00:00,pm25,74.03
ST004,Powai,19.1176,72.9060,2026-04-05 10:00:00,pm10,142.31
ST004,Powai,19.1176,72.9060,2026-04-05 10:00:00,temperature,31.35
ST004,Powai,19.1176,72.9060,2026-04-05 10:00:00,humidity,71.64
ST004,Powai,19.1176,72.9060,2026-04-06 10:00:00,pm25,43.50
ST004,Powai,19.1176,72.9060,2026-04-06 10:00:00,pm10,86.35
ST004,Powai,19.1176,72.9060,2026-04-06 10:00:00,temperature,31.42
ST004,Powai,19.1176,72.9060,2026-04-06 10:00:00,humidity,70.63
ST004,Powai,19.1176,72.9060,2026-04-07 10:00:00,pm25,41.35
ST004,Powai,19.1176,72.9060,2026-04-07 10:00:00,pm10,92.71
ST004,Powai,19.1176,72.9060,2026-04-07 10:00:00,temperature,31.01
ST004,Powai,19.1176,72.9060,2026-04-07 10:00:00,humidity,76.10
ST004,Powai,19.1176,72.9060,2026-04-08 10:00:00,pm25,40.26
ST004,Powai,19.1176,72.9060,2026-04-08 10:00:00,pm10,85.85
ST004,Powai,19.1176,72.9060,2026-04-08 10:00:00,temperature,30.64
ST004,Powai,19.1176,72.9060,2026-04-08 10:00:00,humidity,70.17
ST004,Powai,19.1176,72.9060,2026-04-09 10:00:00,pm25,41.95
ST004,Powai,19.1176,72.9060,2026-04-09 10:00:00,pm10,86.44
ST004,Powai,19.1176,72.9060,2026-04-09 10:00:00,temperature,30.80
ST004,Powai,19.1176,72.9060,2026-04-09 10:00:00,humidity,68.29
ST004,Powai,19.1176,72.9060,2026-04-10 10:00:00,pm25,41.28
ST004,Powai,19.1176,72.9060,2026-04-10 10:00:00,pm10,80.53
ST004,Powai,19.1176,72.9060,2026-04-10 10:00:00,temperature,31.50
ST004,Powai,19.1176,72.9060,2026-04-10 10:00:00,humidity,70.02
ST004,Powai,19.1176,72.9060,2026-04-11 10:00:00,pm25,37.72
ST004,Powai,19.1176,72.9060,2026-04-11 10:00:00,pm10,75.55
ST004,Powai,19.1176,72.9060,2026-04-11 10:00:00,temperature,32.45
ST004,Powai,19.1176,72.9060,2026-04-11 10:00:00,humidity,69.87
ST004,Powai,19.1176,72.9060,2026-04-12 10:00:00,pm25,40.75
ST004,Powai,19.1176,72.9060,2026-04-12 10:00:00,pm10,77.07
ST004,Powai,19.1176,72.9060,2026-04-12 10:00:00,temperature,31.74
ST004,Powai,19.1176,72.9060,2026-04-12 10:00:00,humidity,67.65
ST004,Powai,19.1176,72.9060,2026-04-13 10:00:00,pm25,40.70
ST004,Powai,19.1176,72.9060,2026-04-13 10:00:00,pm10,73.78
ST004,Powai,19.1176,72.9060,2026-04-13 10:00:00,temperature,33.86
ST004,Powai,19.1176,72.9060,2026-04-13 10:00:00,humidity,66.47
ST004,Powai,19.1176,72.9060,2026-04-14 10:00:00,pm25,47.18
ST004,Powai,19.1176,72.9060,2026-04-14 10:00:00,pm10,69.11
ST004,Powai,19.1176,72.9060,2026-04-14 10:00:00,temperature,33.03
ST004,Powai,19.1176,72.9060,2026-04-14 10:00:00,humidity,66.85
ST004,Powai,19.1176,72.9060,2026-04-15 10:00:00,pm25,45.44
ST004,Powai,19.1176,72.9060,2026-04-15 10:00:00,pm10,64.12
ST004,Powai,19.1176,72.9060,2026-04-15 10:00:00,temperature,33.22
ST004,Powai,19.1176,72.9060,2026-04-15 10:00:00,humidity,66.44
ST004,Powai,19.1176,72.9060,2026-04-16 10:00:00,pm25,77.96
ST004,Powai,19.1176,72.9060,2026-04-16 10:00:00,pm10,102.84
ST004,Powai,19.1176,72.9060,2026-04-16 10:00:00,temperature,33.35
ST004,Powai,19.1176,72.9060,2026-04-16 10:00:00,humidity,66.89
ST004,Powai,19.1176,72.9060,2026-04-17 10:00:00,pm25,51.70
ST004,Powai,19.1176,72.9060,2026-04-17 10:00:00,pm10,70.82
ST004,Powai,19.1176,72.9060,2026-04-17 10:00:00,temperature,33.89
ST004,Powai,19.1176,72.9060,2026-04-17 10:00:00,humidity,67.18
ST004,Powai,19.1176,72.9060,2026-04-18 10:00:00,pm25,49.72
ST004,Powai,19.1176,72.9060,2026-04-18 10:00:00,pm10,62.50
ST004,Powai,19.1176,72.9060,2026-04-18 10:00:00,temperature,33.75
ST004,Powai,19.1176,72.9060,2026-04-18 10:00:00,humidity,65.64
ST004,Powai,19.1176,72.9060,2026-04-19 10:00:00,pm25,47.17
ST004,Powai,19.1176,72.9060,2026-04-19 10:00:00,pm10,63.67
ST004,Powai,19.1176,72.9060,2026-04-19 10:00:00,temperature,35.08
ST004,Powai,19.1176,72.9060,2026-04-19 10:00:00,humidity,63.95
ST004,Powai,19.1176,72.9060,2026-04-20 10:00:00,pm25,50.26
ST004,Powai,19.1176,72.9060,2026-04-20 10:00:00,pm10,67.16
ST004,Powai,19.1176,72.9060,2026-04-20 10:00:00,temperature,33.57
ST004,Powai,19.1176,72.9060,2026-04-20 10:00:00,humidity,64.58
ST004,Powai,19.1176,72.9060,2026-04-21 10:00:00,pm25,51.85
ST004,Powai,19.1176,72.9060,2026-04-21 10:00:00,pm10,62.32
ST004,Powai,19.1176,72.9060,2026-04-21 10:00:00,temperature,33.46
ST004,Powai,19.1176,72.9060,2026-04-21 10:00:00,humidity,61.42
ST004,Powai,19.1176,72.9060,2026-04-22 10:00:00,pm25,54.11
ST004,Powai,19.1176,72.9060,2026-04-22 10:00:00,pm10,66.63
ST004,Powai,19.1176,72.9060,2026-04-22 10:00:00,temperature,34.27
ST004,Powai,19.1176,72.9060,2026-04-22 10:00:00,humidity,61.73
ST004,Powai,19.1176,72.9060,2026-04-23 10:00:00,pm25,57.34
ST004,Powai,19.1176,72.9060,2026-04-23 10:00:00,pm10,73.27
ST004,Powai,19.1176,72.9060,2026-04-23 10:00:00,temperature,34.68
ST004,Powai,19.1176,72.9060,2026-04-23 10:00:00,humidity,63.29
ST004,Powai,19.1176,72.9060,2026-04-24 10:00:00,pm25,57.03
ST004,Powai,19.1176,72.9060,2026-04-24 10:00:00,pm10,73.19
ST004,Powai,19.1176,72.9060,2026-04-24 10:00:00,temperature,35.41
ST004,Powai,19.1176,72.9060,2026-04-24 10:00:00,humidity,62.56
ST004,Powai,19.1176,72.9060,2026-04-25 10:00:00,pm25,56.87
ST004,Powai,19.1176,72.9060,2026-04-25 10:00:00,pm10,68.86
ST004,Powai,19.1176,72.9060,2026-04-25 10:00:00,temperature,35.91
ST004,Powai,19.1176,72.9060,2026-04-25 10:00:00,humidity,61.96
ST004,Powai,19.1176,72.9060,2026-04-26 10:00:00,pm25,57.58
ST004,Powai,19.1176,72.9060,2026-04-26 10:00:00,pm10,68.27
ST004,Powai,19.1176,72.9060,2026-04-26 10:00:00,temperature,35.87
ST004,Powai,19.1176,72.9060,2026-04-26 10:00:00,humidity,58.77
ST004,Powai,19.1176,72.9060,2026-04-27 10:00:00,pm25,55.06
ST004,Powai,19.1176,72.9060,2026-04-27 10:00:00,pm10,67.52
ST004,Powai,19.1176,72.9060,2026-04-27 10:00:00,temperature,36.29
ST004,Powai,19.1176,72.9060,2026-04-27 10:00:00,humidity,58.66
ST004,Powai,19.1176,72.9060,2026-04-28 10:00:00,pm25,56.90
ST004,Powai,19.1176,72.9060,2026-04-28 10:00:00,pm10,71.97
ST004,Powai,19.1176,72.9060,2026-04-28 10:00:00,temperature,35.02
ST004,Powai,19.1176,72.9060,2026-04-28 10:00:00,humidity,56.22
ST004,Powai,19.1176,72.9060,2026-04-29 10:00:00,pm25,56.00
ST004,Powai,19.1176,72.9060,2026-04-29 10:00:00,pm10,70.03
ST004,Powai,19.1176,72.9060,2026-04-29 10:00:00,temperature,35.45
ST004,Powai,19.1176,72.9060,2026-04-29 10:00:00,humidity,53.64
ST004,Powai,19.1176,72.9060,2026-04-30 10:00:00,pm25,54.28
ST004,Powai,19.1176,72.9060,2026-04-30 10:00:00,pm10,68.62
ST004,Powai,19.1176,72.9060,2026-04-30 10:00:00,temperature,34.80
ST004,Powai,19.1176,72.9060,2026-04-30 10:00:00,humidity,56.02
ST004,Powai,19.1176,72.9060,2026-05-01 10:00:00,pm25,53.27
ST004,Powai,19.1176,72.9060,2026-05-01 10:00:00,pm10,70.26
ST004,Powai,19.1176,72.9060,2026-05-01 10:00:00,temperature,36.36
ST004,Powai,19.1176,72.9060,2026-05-01 10:00:00,humidity,55.92
ST004,Powai,19.1176,72.9060,2026-05-02 10:00:00,pm25,54.47
ST004,Powai,19.1176,72.9060,2026-05-02 10:00:00,pm10,65.61
ST004,Powai,19.1176,72.9060,2026-05-02 10:00:00,temperature,35.03
ST004,Powai,19.1176,72.9060,2026-05-02 10:00:00,humidity,55.38
ST004,Powai,19.1176,72.9060,2026-05-03 10:00:00,pm25,54.48
ST004,Powai,19.1176,72.9060,2026-05-03 10:00:00,pm10,58.17
ST004,Powai,19.1176,72.9060,2026-05-03 10:00:00,temperature,35.16
ST004,Powai,19.1176,72.9060,2026-05-03 10:00:00,humidity,50.68
ST005,Dadar,19.0178,72.8478,2026-04-01 10:00:00,pm25,61.63
ST005,Dadar,19.0178,72.8478,2026-04-01 10:00:00,pm10,113.12
ST005,Dadar,19.0178,72.8478,2026-04-01 10:00:00,temperature,28.13
ST005,Dadar,19.0178,72.8478,2026-04-01 10:00:00,humidity,70.15
ST005,Dadar,19.0178,72.8478,2026-04-02 10:00:00,pm25,61.27
ST005,Dadar,19.0178,72.8478,2026-04-02 10:00:00,pm10,108.11
ST005,Dadar,19.0178,72.8478,2026-04-02 10:00:00,temperature,28.35
ST005,Dadar,19.0178,72.8478,2026-04-02 10:00:00,humidity,69.77
ST005,Dadar,19.0178,72.8478,2026-04-03 10:00:00,pm25,61.13
ST005,Dadar,19.0178,72.8478,2026-04-03 10:00:00,pm10,108.28
ST005,Dadar,19.0178,72.8478,2026-04-03 10:00:00,temperature,28.78
ST005,Dadar,19.0178,72.8478,2026-04-03 10:00:00,humidity,69.60
ST005,Dadar,19.0178,72.8478,2026-04-04 10:00:00,pm25,61.08
ST005,Dadar,19.0178,72.8478,2026-04-04 10:00:00,pm10,108.52
ST005,Dadar,19.0178,72.8478,2026-04-04 10:00:00,temperature,28.86
ST005,Dadar,19.0178,72.8478,2026-04-04 10:00:00,humidity,67.94
ST005,Dadar,19.0178,72.8478,2026-04-05 10:00:00,pm25,61.79
ST005,Dadar,19.0178,72.8478,2026-04-05 10:00:00,pm10,106.84
ST005,Dadar,19.0178,72.8478,2026-04-05 10:00:00,temperature,28.80
ST005,Dadar,19.0178,72.8478,2026-04-05 10:00:00,humidity,68.93
ST005,Dadar,19.0178,72.8478,2026-04-06 10:00:00,pm25,59.93
ST005,Dadar,19.0178,72.8478,2026-04-06 10:00:00,pm10,108.05
ST005,Dadar,19.0178,72.8478,2026-04-06 10:00:00,temperature,28.98
ST005,Dadar,19.0178,72.8478,2026-04-06 10:00:00,humidity,68.08
ST005,Dadar,19.0178,72.8478,2026-04-07 10:00:00,pm25,84.59
ST005,Dadar,19.0178,72.8478,2026-04-07 10:00:00,pm10,151.43
ST005,Dadar,19.0178,72.8478,2026-04-07 10:00:00,temperature,29.28
ST005,Dadar,19.0178,72.8478,2026-04-07 10:00:00,humidity,70.80
ST005,Dadar,19.0178,72.8478,2026-04-08 10:00:00,pm25,59.40
ST005,Dadar,19.0178,72.8478,2026-04-08 10:00:00,pm10,109.65
ST005,Dadar,19.0178,72.8478,2026-04-08 10:00:00,temperature,28.21
ST005,Dadar,19.0178,72.8478,2026-04-08 10:00:00,humidity,69.05
ST005,Dadar,19.0178,72.8478,2026-04-09 10:00:00,pm25,99.66
ST005,Dadar,19.0178,72.8478,2026-04-09 10:00:00,pm10,181.82
ST005,Dadar,19.0178,72.8478,2026-04-09 10:00:00,temperature,28.76
ST005,Dadar,19.0178,72.8478,2026-04-09 10:00:00,humidity,67.60
ST005,Dadar,19.0178,72.8478,2026-04-10 10:00:00,pm25,59.08
ST005,Dadar,19.0178,72.8478,2026-04-10 10:00:00,pm10,104.47
ST005,Dadar,19.0178,72.8478,2026-04-10 10:00:00,temperature,28.81
ST005,Dadar,19.0178,72.8478,2026-04-10 10:00:00,humidity,66.32
ST005,Dadar,19.0178,72.8478,2026-04-11 10:00:00,pm25,60.02
ST005,Dadar,19.0178,72.8478,2026-04-11 10:00:00,pm10,102.23
ST005,Dadar,19.0178,72.8478,2026-04-11 10:00:00,temperature,29.42
ST005,Dadar,19.0178,72.8478,2026-04-11 10:00:00,humidity,68.15
ST005,Dadar,19.0178,72.8478,2026-04-12 10:00:00,pm25,58.82
ST005,Dadar,19.0178,72.8478,2026-04-12 10:00:00,pm10,105.28
ST005,Dadar,19.0178,72.8478,2026-04-12 10:00:00,temperature,30.45
ST005,Dadar,19.0178,72.8478,2026-04-12 10:00:00,humidity,67.04
ST005,Dadar,19.0178,72.8478,2026-04-13 10:00:00,pm25,58.17
ST005,Dadar,19.0178,72.8478,2026-04-13 10:00:00,pm10,96.28
ST005,Dadar,19.0178,72.8478,2026-04-13 10:00:00,temperature,29.60
ST005,Dadar,19.0178,72.8478,2026-04-13 10:00:00,humidity,65.38
ST005,Dadar,19.0178,72.8478,2026-04-14 10:00:00,pm25,57.29
ST005,Dadar,19.0178,72.8478,2026-04-14 10:00:00,pm10,96.82
ST005,Dadar,19.0178,72.8478,2026-04-14 10:00:00,temperature,29.37
ST005,Dadar,19.0178,72.8478,2026-04-14 10:00:00,humidity,66.68
ST005,Dadar,19.0178,72.8478,2026-04-15 10:00:00,pm25,54.03
ST005,Dadar,19.0178,72.8478,2026-04-15 10:00:00,pm10,91.72
ST005,Dadar,19.0178,72.8478,2026-04-15 10:00:00,temperature,30.64
ST005,Dadar,19.0178,72.8478,2026-04-15 10:00:00,humidity,64.78
ST005,Dadar,19.0178,72.8478,2026-04-16 10:00:00,pm25,53.38
ST005,Dadar,19.0178,72.8478,2026-04-16 10:00:00,pm10,96.19
ST005,Dadar,19.0178,72.8478,2026-04-16 10:00:00,temperature,31.49
ST005,Dadar,19.0178,72.8478,2026-04-16 10:00:00,humidity,65.05
ST005,Dadar,19.0178,72.8478,2026-04-17 10:00:00,pm25,57.80
ST005,Dadar,19.0178,72.8478,2026-04-17 10:00:00,pm10,100.03
ST005,Dadar,19.0178,72.8478,2026-04-17 10:00:00,temperature,30.15
ST005,Dadar,19.0178,72.8478,2026-04-17 10:00:00,humidity,61.92
ST005,Dadar,19.0178,72.8478,2026-04-18 10:00:00,pm25,59.97
ST005,Dadar,19.0178,72.8478,2026-04-18 10:00:00,pm10,97.37
ST005,Dadar,19.0178,72.8478,2026-04-18 10:00:00,temperature,31.38
ST005,Dadar,19.0178,72.8478,2026-04-18 10:00:00,humidity,61.79
ST005,Dadar,19.0178,72.8478,2026-04-19 10:00:00,pm25,64.23
ST005,Dadar,19.0178,72.8478,2026-04-19 10:00:00,pm10,101.16
ST005,Dadar,19.0178,72.8478,2026-04-19 10:00:00,temperature,31.14
ST005,Dadar,19.0178,72.8478,2026-04-19 10:00:00,humidity,63.64
ST005,Dadar,19.0178,72.8478,2026-04-20 10:00:00,pm25,61.41
ST005,Dadar,19.0178,72.8478,2026-04-20 10:00:00,pm10,104.19
ST005,Dadar,19.0178,72.8478,2026-04-20 10:00:00,temperature,31.06
ST005,Dadar,19.0178,72.8478,2026-04-20 10:00:00,humidity,64.03
ST005,Dadar,19.0178,72.8478,2026-04-21 10:00:00,pm25,62.29
ST005,Dadar,19.0178,72.8478,2026-04-21 10:00:00,pm10,97.87
ST005,Dadar,19.0178,72.8478,2026-04-21 10:00:00,temperature,31.54
ST005,Dadar,19.0178,72.8478,2026-04-21 10:00:00,humidity,59.91
ST005,Dadar,19.0178,72.8478,2026-04-22 10:00:00,pm25,66.52
ST005,Dadar,19.0178,72.8478,2026-04-22 10:00:00,pm10,93.60
ST005,Dadar,19.0178,72.8478,2026-04-22 10:00:00,temperature,32.35
ST005,Dadar,19.0178,72.8478,2026-04-22 10:00:00,humidity,62.15
ST005,Dadar,19.0178,72.8478,2026-04-23 10:00:00,pm25,63.90
ST005,Dadar,19.0178,72.8478,2026-04-23 10:00:00,pm10,99.14
ST005,Dadar,19.0178,72.8478,2026-04-23 10:00:00,temperature,32.24
ST005,Dadar,19.0178,72.8478,2026-04-23 10:00:00,humidity,59.92
ST005,Dadar,19.0178,72.8478,2026-04-24 10:00:00,pm25,65.85
ST005,Dadar,19.0178,72.8478,2026-04-24 10:00:00,pm10,91.50
ST005,Dadar,19.0178,72.8478,2026-04-24 10:00:00,temperature,31.63
ST005,Dadar,19.0178,72.8478,2026-04-24 10:00:00,humidity,61.79
ST005,Dadar,19.0178,72.8478,2026-04-25 10:00:00,pm25,66.59
ST005,Dadar,19.0178,72.8478,2026-04-25 10:00:00,pm10,92.75
ST005,Dadar,19.0178,72.8478,2026-04-25 10:00:00,temperature,33.24
ST005,Dadar,19.0178,72.8478,2026-04-25 10:00:00,humidity,61.38
ST005,Dadar,19.0178,72.8478,2026-04-26 10:00:00,pm25,100.49
ST005,Dadar,19.0178,72.8478,2026-04-26 10:00:00,pm10,143.30
ST005,Dadar,19.0178,72.8478,2026-04-26 10:00:00,temperature,33.16
ST005,Dadar,19.0178,72.8478,2026-04-26 10:00:00,humidity,59.30
ST005,Dadar,19.0178,72.8478,2026-04-27 10:00:00,pm25,72.51
ST005,Dadar,19.0178,72.8478,2026-04-27 10:00:00,pm10,104.87
ST005,Dadar,19.0178,72.8478,2026-04-27 10:00:00,temperature,32.39
ST005,Dadar,19.0178,72.8478,2026-04-27 10:00:00,humidity,57.61
ST005,Dadar,19.0178,72.8478,2026-04-28 10:00:00,pm25,72.72
ST005,Dadar,19.0178,72.8478,2026-04-28 10:00:00,pm10,109.80
ST005,Dadar,19.0178,72.8478,2026-04-28 10:00:00,temperature,32.71
ST005,Dadar,19.0178,72.8478,2026-04-28 10:00:00,humidity,59.87
ST005,Dadar,19.0178,72.8478,2026-04-29 10:00:00,pm25,68.07
ST005,Dadar,19.0178,72.8478,2026-04-29 10:00:00,pm10,110.92
ST005,Dadar,19.0178,72.8478,2026-04-29 10:00:00,temperature,32.58
ST005,Dadar,19.0178,72.8478,2026-04-29 10:00:00,humidity,59.83
ST005,Dadar,19.0178,72.8478,2026-04-30 10:00:00,pm25,61.65
ST005,Dadar,19.0178,72.8478,2026-04-30 10:00:00,pm10,107.96
ST005,Dadar,19.0178,72.8478,2026-04-30 10:00:00,temperature,32.38
ST005,Dadar,19.0178,72.8478,2026-04-30 10:00:00,humidity,54.34
ST005,Dadar,19.0178,72.8478,2026-05-01 10:00:00,pm25,60.56
ST005,Dadar,19.0178,72.8478,2026-05-01 10:00:00,pm10,110.05
ST005,Dadar,19.0178,72.8478,2026-05-01 10:00:00,temperature,33.33
ST005,Dadar,19.0178,72.8478,2026-05-01 10:00:00,humidity,58.27
ST005,Dadar,19.0178,72.8478,2026-05-02 10:00:00,pm25,62.17
ST005,Dadar,19.0178,72.8478,2026-05-02 10:00:00,pm10,111.34
ST005,Dadar,19.0178,72.8478,2026-05-02 10:00:00,temperature,33.97
ST005,Dadar,19.0178,72.8478,2026-05-02 10:00:00,humidity,54.56
ST005,Dadar,19.0178,72.8478,2026-05-03 10:00:00,pm25,100.91
ST005,Dadar,19.0178,72.8478,2026-05-03 10:00:00,pm10,190.62
ST005,Dadar,19.0178,72.8478,2026-05-03 10:00:00,temperature,33.70
ST005,Dadar,19.0178,72.8478,2026-05-03 10:00:00,humidity,51.93
ST006,Kurla,19.0726,72.8803,2026-04-01 10:00:00,pm25,81.65
ST006,Kurla,19.0726,72.8803,2026-04-01 10:00:00,pm10,137.81
ST006,Kurla,19.0726,72.8803,2026-04-01 10:00:00,temperature,29.69
ST006,Kurla,19.0726,72.8803,2026-04-01 10:00:00,humidity,69.74
ST006,Kurla,19.0726,72.8803,2026-04-02 10:00:00,pm25,83.71
ST006,Kurla,19.0726,72.8803,2026-04-02 10:00:00,pm10,143.45
ST006,Kurla,19.0726,72.8803,2026-04-02 10:00:00,temperature,30.29
ST006,Kurla,19.0726,72.8803,2026-04-02 10:00:00,humidity,70.94
ST006,Kurla,19.0726,72.8803,2026-04-03 10:00:00,pm25,59.81
ST006,Kurla,19.0726,72.8803,2026-04-03 10:00:00,pm10,91.62
ST006,Kurla,19.0726,72.8803,2026-04-03 10:00:00,temperature,30.39
ST006,Kurla,19.0726,72.8803,2026-04-03 10:00:00,humidity,71.37
ST006,Kurla,19.0726,72.8803,2026-04-04 10:00:00,pm25,59.97
ST006,Kurla,19.0726,72.8803,2026-04-04 10:00:00,pm10,95.43
ST006,Kurla,19.0726,72.8803,2026-04-04 10:00:00,temperature,30.48
ST006,Kurla,19.0726,72.8803,2026-04-04 10:00:00,humidity,69.52
ST006,Kurla,19.0726,72.8803,2026-04-05 10:00:00,pm25,63.14
ST006,Kurla,19.0726,72.8803,2026-04-05 10:00:00,pm10,99.39
ST006,Kurla,19.0726,72.8803,2026-04-05 10:00:00,temperature,30.93
ST006,Kurla,19.0726,72.8803,2026-04-05 10:00:00,humidity,70.28
ST006,Kurla,19.0726,72.8803,2026-04-06 10:00:00,pm25,63.69
ST006,Kurla,19.0726,72.8803,2026-04-06 10:00:00,pm10,94.52
ST006,Kurla,19.0726,72.8803,2026-04-06 10:00:00,temperature,30.94
ST006,Kurla,19.0726,72.8803,2026-04-06 10:00:00,humidity,68.90
ST006,Kurla,19.0726,72.8803,2026-04-07 10:00:00,pm25,59.30
ST006,Kurla,19.0726,72.8803,2026-04-07 10:00:00,pm10,92.18
ST006,Kurla,19.0726,72.8803,2026-04-07 10:00:00,temperature,30.76
ST006,Kurla,19.0726,72.8803,2026-04-07 10:00:00,humidity,67.36
ST006,Kurla,19.0726,72.8803,2026-04-08 10:00:00,pm25,87.32
ST006,Kurla,19.0726,72.8803,2026-04-08 10:00:00,pm10,126.86
ST006,Kurla,19.0726,72.8803,2026-04-08 10:00:00,temperature,31.81
ST006,Kurla,19.0726,72.8803,2026-04-08 10:00:00,humidity,68.44
ST006,Kurla,19.0726,72.8803,2026-04-09 10:00:00,pm25,66.41
ST006,Kurla,19.0726,72.8803,2026-04-09 10:00:00,pm10,93.04
ST006,Kurla,19.0726,72.8803,2026-04-09 10:00:00,temperature,31.57
ST006,Kurla,19.0726,72.8803,2026-04-09 10:00:00,humidity,67.19
ST006,Kurla,19.0726,72.8803,2026-04-10 10:00:00,pm25,65.77
ST006,Kurla,19.0726,72.8803,2026-04-10 10:00:00,pm10,97.37
ST006,Kurla,19.0726,72.8803,2026-04-10 10:00:00,temperature,30.05
ST006,Kurla,19.0726,72.8803,2026-04-10 10:00:00,humidity,73.65
ST006,Kurla,19.0726,72.8803,2026-04-11 10:00:00,pm25,62.84
ST006,Kurla,19.0726,72.8803,2026-04-11 10:00:00,pm10,96.71
ST006,Kurla,19.0726,72.8803,2026-04-11 10:00:00,temperature,32.12
ST006,Kurla,19.0726,72.8803,2026-04-11 10:00:00,humidity,71.15
ST006,Kurla,19.0726,72.8803,2026-04-12 10:00:00,pm25,64.22
ST006,Kurla,19.0726,72.8803,2026-04-12 10:00:00,pm10,90.16
ST006,Kurla,19.0726,72.8803,2026-04-12 10:00:00,temperature,31.17
ST006,Kurla,19.0726,72.8803,2026-04-12 10:00:00,humidity,69.15
ST006,Kurla,19.0726,72.8803,2026-04-13 10:00:00,pm25,63.36
ST006,Kurla,19.0726,72.8803,2026-04-13 10:00:00,pm10,89.60
ST006,Kurla,19.0726,72.8803,2026-04-13 10:00:00,temperature,32.09
ST006,Kurla,19.0726,72.8803,2026-04-13 10:00:00,humidity,74.30
ST006,Kurla,19.0726,72.8803,2026-04-14 10:00:00,pm25,64.29
ST006,Kurla,19.0726,72.8803,2026-04-14 10:00:00,pm10,87.72
ST006,Kurla,19.0726,72.8803,2026-04-14 10:00:00,temperature,32.51
ST006,Kurla,19.0726,72.8803,2026-04-14 10:00:00,humidity,68.96
ST006,Kurla,19.0726,72.8803,2026-04-15 10:00:00,pm25,60.89
ST006,Kurla,19.0726,72.8803,2026-04-15 10:00:00,pm10,81.95
ST006,Kurla,19.0726,72.8803,2026-04-15 10:00:00,temperature,32.00
ST006,Kurla,19.0726,72.8803,2026-04-15 10:00:00,humidity,70.19
ST006,Kurla,19.0726,72.8803,2026-04-16 10:00:00,pm25,57.92
ST006,Kurla,19.0726,72.8803,2026-04-16 10:00:00,pm10,78.98
ST006,Kurla,19.0726,72.8803,2026-04-16 10:00:00,temperature,32.38
ST006,Kurla,19.0726,72.8803,2026-04-16 10:00:00,humidity,67.99
ST006,Kurla,19.0726,72.8803,2026-04-17 10:00:00,pm25,56.80
ST006,Kurla,19.0726,72.8803,2026-04-17 10:00:00,pm10,75.76
ST006,Kurla,19.0726,72.8803,2026-04-17 10:00:00,temperature,33.01
ST006,Kurla,19.0726,72.8803,2026-04-17 10:00:00,humidity,68.31
ST006,Kurla,19.0726,72.8803,2026-04-18 10:00:00,pm25,56.62
ST006,Kurla,19.0726,72.8803,2026-04-18 10:00:00,pm10,80.60
ST006,Kurla,19.0726,72.8803,2026-04-18 10:00:00,temperature,34.44
ST006,Kurla,19.0726,72.8803,2026-04-18 10:00:00,humidity,70.41
ST006,Kurla,19.0726,72.8803,2026-04-19 10:00:00,pm25,51.51
ST006,Kurla,19.0726,72.8803,2026-04-19 10:00:00,pm10,84.64
ST006,Kurla,19.0726,72.8803,2026-04-19 10:00:00,temperature,33.55
ST006,Kurla,19.0726,72.8803,2026-04-19 10:00:00,humidity,69.36
ST006,Kurla,19.0726,72.8803,2026-04-20 10:00:00,pm25,54.38
ST006,Kurla,19.0726,72.8803,2026-04-20 10:00:00,pm10,87.05
ST006,Kurla,19.0726,72.8803,2026-04-20 10:00:00,temperature,33.75
ST006,Kurla,19.0726,72.8803,2026-04-20 10:00:00,humidity,64.71
ST006,Kurla,19.0726,72.8803,2026-04-21 10:00:00,pm25,53.11
ST006,Kurla,19.0726,72.8803,2026-04-21 10:00:00,pm10,83.19
ST006,Kurla,19.0726,72.8803,2026-04-21 10:00:00,temperature,34.05
ST006,Kurla,19.0726,72.8803,2026-04-21 10:00:00,humidity,66.30
ST006,Kurla,19.0726,72.8803,2026-04-22 10:00:00,pm25,54.16
ST006,Kurla,19.0726,72.8803,2026-04-22 10:00:00,pm10,82.21
ST006,Kurla,19.0726,72.8803,2026-04-22 10:00:00,temperature,34.41
ST006,Kurla,19.0726,72.8803,2026-04-22 10:00:00,humidity,64.39
ST006,Kurla,19.0726,72.8803,2026-04-23 10:00:00,pm25,54.72
ST006,Kurla,19.0726,72.8803,2026-04-23 10:00:00,pm10,72.50
ST006,Kurla,19.0726,72.8803,2026-04-23 10:00:00,temperature,35.18
ST006,Kurla,19.0726,72.8803,2026-04-23 10:00:00,humidity,65.52
ST006,Kurla,19.0726,72.8803,2026-04-24 10:00:00,pm25,57.85
ST006,Kurla,19.0726,72.8803,2026-04-24 10:00:00,pm10,67.50
ST006,Kurla,19.0726,72.8803,2026-04-24 10:00:00,temperature,35.52
ST006,Kurla,19.0726,72.8803,2026-04-24 10:00:00,humidity,65.74
ST006,Kurla,19.0726,72.8803,2026-04-25 10:00:00,pm25,58.88
ST006,Kurla,19.0726,72.8803,2026-04-25 10:00:00,pm10,68.86
ST006,Kurla,19.0726,72.8803,2026-04-25 10:00:00,temperature,36.62
ST006,Kurla,19.0726,72.8803,2026-04-25 10:00:00,humidity,65.08
ST006,Kurla,19.0726,72.8803,2026-04-26 10:00:00,pm25,59.96
ST006,Kurla,19.0726,72.8803,2026-04-26 10:00:00,pm10,66.18
ST006,Kurla,19.0726,72.8803,2026-04-26 10:00:00,temperature,34.93
ST006,Kurla,19.0726,72.8803,2026-04-26 10:00:00,humidity,64.73
ST006,Kurla,19.0726,72.8803,2026-04-27 10:00:00,pm25,62.87
ST006,Kurla,19.0726,72.8803,2026-04-27 10:00:00,pm10,75.73
ST006,Kurla,19.0726,72.8803,2026-04-27 10:00:00,temperature,36.24
ST006,Kurla,19.0726,72.8803,2026-04-27 10:00:00,humidity,64.08
ST006,Kurla,19.0726,72.8803,2026-04-28 10:00:00,pm25,63.14
ST006,Kurla,19.0726,72.8803,2026-04-28 10:00:00,pm10,75.02
ST006,Kurla,19.0726,72.8803,2026-04-28 10:00:00,temperature,36.48
ST006,Kurla,19.0726,72.8803,2026-04-28 10:00:00,humidity,64.10
ST006,Kurla,19.0726,72.8803,2026-04-29 10:00:00,pm25,61.26
ST006,Kurla,19.0726,72.8803,2026-04-29 10:00:00,pm10,70.72
ST006,Kurla,19.0726,72.8803,2026-04-29 10:00:00,temperature,36.63
ST006,Kurla,19.0726,72.8803,2026-04-29 10:00:00,humidity,62.65
ST006,Kurla,19.0726,72.8803,2026-04-30 10:00:00,pm25,60.97
ST006,Kurla,19.0726,72.8803,2026-04-30 10:00:00,pm10,71.26
ST006,Kurla,19.0726,72.8803,2026-04-30 10:00:00,temperature,36.46
ST006,Kurla,19.0726,72.8803,2026-04-30 10:00:00,humidity,63.93
ST006,Kurla,19.0726,72.8803,2026-05-01 10:00:00,pm25,60.17
ST006,Kurla,19.0726,72.8803,2026-05-01 10:00:00,pm10,65.34
ST006,Kurla,19.0726,72.8803,2026-05-01 10:00:00,temperature,37.04
ST006,Kurla,19.0726,72.8803,2026-05-01 10:00:00,humidity,62.19
ST006,Kurla,19.0726,72.8803,2026-05-02 10:00:00,pm25,58.24
ST006,Kurla,19.0726,72.8803,2026-05-02 10:00:00,pm10,66.06
ST006,Kurla,19.0726,72.8803,2026-05-02 10:00:00,temperature,37.29
ST006,Kurla,19.0726,72.8803,2026-05-02 10:00:00,humidity,61.92
ST006,Kurla,19.0726,72.8803,2026-05-03 10:00:00,pm25,59.22
ST006,Kurla,19.0726,72.8803,2026-05-03 10:00:00,pm10,65.45
ST006,Kurla,19.0726,72.8803,2026-05-03 10:00:00,temperature,36.91
ST006,Kurla,19.0726,72.8803,2026-05-03 10:00:00,humidity,63.25
ST007,Chembur,19.0522,72.9005,2026-04-01 10:00:00,pm25,97.85
ST007,Chembur,19.0522,72.9005,2026-04-01 10:00:00,pm10,180.53
ST007,Chembur,19.0522,72.9005,2026-04-01 10:00:00,temperature,27.81
ST007,Chembur,19.0522,72.9005,2026-04-01 10:00:00,humidity,73.51
ST007,Chembur,19.0522,72.9005,2026-04-02 10:00:00,pm25,60.60
ST007,Chembur,19.0522,72.9005,2026-04-02 10:00:00,pm10,117.99
ST007,Chembur,19.0522,72.9005,2026-04-02 10:00:00,temperature,27.36
ST007,Chembur,19.0522,72.9005,2026-04-02 10:00:00,humidity,76.36
ST007,Chembur,19.0522,72.9005,2026-04-03 10:00:00,pm25,59.11
ST007,Chembur,19.0522,72.9005,2026-04-03 10:00:00,pm10,116.83
ST007,Chembur,19.0522,72.9005,2026-04-03 10:00:00,temperature,27.43
ST007,Chembur,19.0522,72.9005,2026-04-03 10:00:00,humidity,79.18
ST007,Chembur,19.0522,72.9005,2026-04-04 10:00:00,pm25,58.58
ST007,Chembur,19.0522,72.9005,2026-04-04 10:00:00,pm10,112.58
ST007,Chembur,19.0522,72.9005,2026-04-04 10:00:00,temperature,28.91
ST007,Chembur,19.0522,72.9005,2026-04-04 10:00:00,humidity,73.31
ST007,Chembur,19.0522,72.9005,2026-04-05 10:00:00,pm25,59.52
ST007,Chembur,19.0522,72.9005,2026-04-05 10:00:00,pm10,117.15
ST007,Chembur,19.0522,72.9005,2026-04-05 10:00:00,temperature,27.62
ST007,Chembur,19.0522,72.9005,2026-04-05 10:00:00,humidity,74.15
ST007,Chembur,19.0522,72.9005,2026-04-06 10:00:00,pm25,57.16
ST007,Chembur,19.0522,72.9005,2026-04-06 10:00:00,pm10,117.81
ST007,Chembur,19.0522,72.9005,2026-04-06 10:00:00,temperature,28.06
ST007,Chembur,19.0522,72.9005,2026-04-06 10:00:00,humidity,73.21
ST007,Chembur,19.0522,72.9005,2026-04-07 10:00:00,pm25,54.73
ST007,Chembur,19.0522,72.9005,2026-04-07 10:00:00,pm10,123.52
ST007,Chembur,19.0522,72.9005,2026-04-07 10:00:00,temperature,27.25
ST007,Chembur,19.0522,72.9005,2026-04-07 10:00:00,humidity,75.50
ST007,Chembur,19.0522,72.9005,2026-04-08 10:00:00,pm25,58.02
ST007,Chembur,19.0522,72.9005,2026-04-08 10:00:00,pm10,118.17
ST007,Chembur,19.0522,72.9005,2026-04-08 10:00:00,temperature,26.73
ST007,Chembur,19.0522,72.9005,2026-04-08 10:00:00,humidity,72.86
ST007,Chembur,19.0522,72.9005,2026-04-09 10:00:00,pm25,58.90
ST007,Chembur,19.0522,72.9005,2026-04-09 10:00:00,pm10,112.19
ST007,Chembur,19.0522,72.9005,2026-04-09 10:00:00,temperature,27.24
ST007,Chembur,19.0522,72.9005,2026-04-09 10:00:00,humidity,69.75
ST007,Chembur,19.0522,72.9005,2026-04-10 10:00:00,pm25,59.67
ST007,Chembur,19.0522,72.9005,2026-04-10 10:00:00,pm10,109.94
ST007,Chembur,19.0522,72.9005,2026-04-10 10:00:00,temperature,28.25
ST007,Chembur,19.0522,72.9005,2026-04-10 10:00:00,humidity,70.86
ST007,Chembur,19.0522,72.9005,2026-04-11 10:00:00,pm25,61.89
ST007,Chembur,19.0522,72.9005,2026-04-11 10:00:00,pm10,119.32
ST007,Chembur,19.0522,72.9005,2026-04-11 10:00:00,temperature,27.49
ST007,Chembur,19.0522,72.9005,2026-04-11 10:00:00,humidity,70.53
ST007,Chembur,19.0522,72.9005,2026-04-12 10:00:00,pm25,63.00
ST007,Chembur,19.0522,72.9005,2026-04-12 10:00:00,pm10,118.23
ST007,Chembur,19.0522,72.9005,2026-04-12 10:00:00,temperature,27.94
ST007,Chembur,19.0522,72.9005,2026-04-12 10:00:00,humidity,74.67
ST007,Chembur,19.0522,72.9005,2026-04-13 10:00:00,pm25,61.71
ST007,Chembur,19.0522,72.9005,2026-04-13 10:00:00,pm10,123.68
ST007,Chembur,19.0522,72.9005,2026-04-13 10:00:00,temperature,27.36
ST007,Chembur,19.0522,72.9005,2026-04-13 10:00:00,humidity,69.48
ST007,Chembur,19.0522,72.9005,2026-04-14 10:00:00,pm25,61.78
ST007,Chembur,19.0522,72.9005,2026-04-14 10:00:00,pm10,126.45
ST007,Chembur,19.0522,72.9005,2026-04-14 10:00:00,temperature,28.08
ST007,Chembur,19.0522,72.9005,2026-04-14 10:00:00,humidity,74.11
ST007,Chembur,19.0522,72.9005,2026-04-15 10:00:00,pm25,60.84
ST007,Chembur,19.0522,72.9005,2026-04-15 10:00:00,pm10,128.81
ST007,Chembur,19.0522,72.9005,2026-04-15 10:00:00,temperature,28.26
ST007,Chembur,19.0522,72.9005,2026-04-15 10:00:00,humidity,69.59
ST007,Chembur,19.0522,72.9005,2026-04-16 10:00:00,pm25,65.42
ST007,Chembur,19.0522,72.9005,2026-04-16 10:00:00,pm10,128.94
ST007,Chembur,19.0522,72.9005,2026-04-16 10:00:00,temperature,29.02
ST007,Chembur,19.0522,72.9005,2026-04-16 10:00:00,humidity,68.77
ST007,Chembur,19.0522,72.9005,2026-04-17 10:00:00,pm25,63.62
ST007,Chembur,19.0522,72.9005,2026-04-17 10:00:00,pm10,134.18
ST007,Chembur,19.0522,72.9005,2026-04-17 10:00:00,temperature,28.96
ST007,Chembur,19.0522,72.9005,2026-04-17 10:00:00,humidity,69.04
ST007,Chembur,19.0522,72.9005,2026-04-18 10:00:00,pm25,61.13
ST007,Chembur,19.0522,72.9005,2026-04-18 10:00:00,pm10,128.64
ST007,Chembur,19.0522,72.9005,2026-04-18 10:00:00,temperature,29.69
ST007,Chembur,19.0522,72.9005,2026-04-18 10:00:00,humidity,71.13
ST007,Chembur,19.0522,72.9005,2026-04-19 10:00:00,pm25,60.90
ST007,Chembur,19.0522,72.9005,2026-04-19 10:00:00,pm10,128.57
ST007,Chembur,19.0522,72.9005,2026-04-19 10:00:00,temperature,28.35
ST007,Chembur,19.0522,72.9005,2026-04-19 10:00:00,humidity,72.11
ST007,Chembur,19.0522,72.9005,2026-04-20 10:00:00,pm25,62.96
ST007,Chembur,19.0522,72.9005,2026-04-20 10:00:00,pm10,123.58
ST007,Chembur,19.0522,72.9005,2026-04-20 10:00:00,temperature,29.88
ST007,Chembur,19.0522,72.9005,2026-04-20 10:00:00,humidity,71.40
ST007,Chembur,19.0522,72.9005,2026-04-21 10:00:00,pm25,60.19
ST007,Chembur,19.0522,72.9005,2026-04-21 10:00:00,pm10,118.52
ST007,Chembur,19.0522,72.9005,2026-04-21 10:00:00,temperature,29.93
ST007,Chembur,19.0522,72.9005,2026-04-21 10:00:00,humidity,68.90
ST007,Chembur,19.0522,72.9005,2026-04-22 10:00:00,pm25,67.69
ST007,Chembur,19.0522,72.9005,2026-04-22 10:00:00,pm10,116.19
ST007,Chembur,19.0522,72.9005,2026-04-22 10:00:00,temperature,30.46
ST007,Chembur,19.0522,72.9005,2026-04-22 10:00:00,humidity,68.34
ST007,Chembur,19.0522,72.9005,2026-04-23 10:00:00,pm25,70.92
ST007,Chembur,19.0522,72.9005,2026-04-23 10:00:00,pm10,116.66
ST007,Chembur,19.0522,72.9005,2026-04-23 10:00:00,temperature,29.78
ST007,Chembur,19.0522,72.9005,2026-04-23 10:00:00,humidity,70.30
ST007,Chembur,19.0522,72.9005,2026-04-24 10:00:00,pm25,75.44
ST007,Chembur,19.0522,72.9005,2026-04-24 10:00:00,pm10,109.10
ST007,Chembur,19.0522,72.9005,2026-04-24 10:00:00,temperature,29.90
ST007,Chembur,19.0522,72.9005,2026-04-24 10:00:00,humidity,70.79
ST007,Chembur,19.0522,72.9005,2026-04-25 10:00:00,pm25,77.03
ST007,Chembur,19.0522,72.9005,2026-04-25 10:00:00,pm10,115.24
ST007,Chembur,19.0522,72.9005,2026-04-25 10:00:00,temperature,31.16
ST007,Chembur,19.0522,72.9005,2026-04-25 10:00:00,humidity,66.61
ST007,Chembur,19.0522,72.9005,2026-04-26 10:00:00,pm25,78.43
ST007,Chembur,19.0522,72.9005,2026-04-26 10:00:00,pm10,110.75
ST007,Chembur,19.0522,72.9005,2026-04-26 10:00:00,temperature,30.83
ST007,Chembur,19.0522,72.9005,2026-04-26 10:00:00,humidity,70.37
ST007,Chembur,19.0522,72.9005,2026-04-27 10:00:00,pm25,78.31
ST007,Chembur,19.0522,72.9005,2026-04-27 10:00:00,pm10,116.98
ST007,Chembur,19.0522,72.9005,2026-04-27 10:00:00,temperature,31.87
ST007,Chembur,19.0522,72.9005,2026-04-27 10:00:00,humidity,67.16
ST007,Chembur,19.0522,72.9005,2026-04-28 10:00:00,pm25,78.00
ST007,Chembur,19.0522,72.9005,2026-04-28 10:00:00,pm10,114.36
ST007,Chembur,19.0522,72.9005,2026-04-28 10:00:00,temperature,32.08
ST007,Chembur,19.0522,72.9005,2026-04-28 10:00:00,humidity,65.66
ST007,Chembur,19.0522,72.9005,2026-04-29 10:00:00,pm25,77.53
ST007,Chembur,19.0522,72.9005,2026-04-29 10:00:00,pm10,114.66
ST007,Chembur,19.0522,72.9005,2026-04-29 10:00:00,temperature,31.99
ST007,Chembur,19.0522,72.9005,2026-04-29 10:00:00,humidity,67.02
ST007,Chembur,19.0522,72.9005,2026-04-30 10:00:00,pm25,77.48
ST007,Chembur,19.0522,72.9005,2026-04-30 10:00:00,pm10,110.86
ST007,Chembur,19.0522,72.9005,2026-04-30 10:00:00,temperature,31.42
ST007,Chembur,19.0522,72.9005,2026-04-30 10:00:00,humidity,65.61
ST007,Chembur,19.0522,72.9005,2026-05-01 10:00:00,pm25,77.55
ST007,Chembur,19.0522,72.9005,2026-05-01 10:00:00,pm10,118.70
ST007,Chembur,19.0522,72.9005,2026-05-01 10:00:00,temperature,32.38
ST007,Chembur,19.0522,72.9005,2026-05-01 10:00:00,humidity,66.81
ST007,Chembur,19.0522,72.9005,2026-05-02 10:00:00,pm25,80.46
ST007,Chembur,19.0522,72.9005,2026-05-02 10:00:00,pm10,118.48
ST007,Chembur,19.0522,72.9005,2026-05-02 10:00:00,temperature,31.30
ST007,Chembur,19.0522,72.9005,2026-05-02 10:00:00,humidity,65.39
ST007,Chembur,19.0522,72.9005,2026-05-03 10:00:00,pm25,81.38
ST007,Chembur,19.0522,72.9005,2026-05-03 10:00:00,pm10,124.41
ST007,Chembur,19.0522,72.9005,2026-05-03 10:00:00,temperature,31.42
ST007,Chembur,19.0522,72.9005,2026-05-03 10:00:00,humidity,65.49
ST008,Borivali,19.2307,72.8567,2026-04-01 10:00:00,pm25,54.85
ST008,Borivali,19.2307,72.8567,2026-04-01 10:00:00,pm10,105.49
ST008,Borivali,19.2307,72.8567,2026-04-01 10:00:00,temperature,31.58
ST008,Borivali,19.2307,72.8567,2026-04-01 10:00:00,humidity,69.67
ST008,Borivali,19.2307,72.8567,2026-04-02 10:00:00,pm25,43.43
ST008,Borivali,19.2307,72.8567,2026-04-02 10:00:00,pm10,80.00
ST008,Borivali,19.2307,72.8567,2026-04-02 10:00:00,temperature,31.55
ST008,Borivali,19.2307,72.8567,2026-04-02 10:00:00,humidity,69.29
ST008,Borivali,19.2307,72.8567,2026-04-03 10:00:00,pm25,36.54
ST008,Borivali,19.2307,72.8567,2026-04-03 10:00:00,pm10,84.64
ST008,Borivali,19.2307,72.8567,2026-04-03 10:00:00,temperature,30.21
ST008,Borivali,19.2307,72.8567,2026-04-03 10:00:00,humidity,68.28
ST008,Borivali,19.2307,72.8567,2026-04-04 10:00:00,pm25,33.01
ST008,Borivali,19.2307,72.8567,2026-04-04 10:00:00,pm10,83.82
ST008,Borivali,19.2307,72.8567,2026-04-04 10:00:00,temperature,30.48
ST008,Borivali,19.2307,72.8567,2026-04-04 10:00:00,humidity,69.28
ST008,Borivali,19.2307,72.8567,2026-04-05 10:00:00,pm25,33.54
ST008,Borivali,19.2307,72.8567,2026-04-05 10:00:00,pm10,83.85
ST008,Borivali,19.2307,72.8567,2026-04-05 10:00:00,temperature,30.69
ST008,Borivali,19.2307,72.8567,2026-04-05 10:00:00,humidity,70.09
ST008,Borivali,19.2307,72.8567,2026-04-06 10:00:00,pm25,32.40
ST008,Borivali,19.2307,72.8567,2026-04-06 10:00:00,pm10,87.73
ST008,Borivali,19.2307,72.8567,2026-04-06 10:00:00,temperature,30.35
ST008,Borivali,19.2307,72.8567,2026-04-06 10:00:00,humidity,71.47
ST008,Borivali,19.2307,72.8567,2026-04-07 10:00:00,pm25,50.38
ST008,Borivali,19.2307,72.8567,2026-04-07 10:00:00,pm10,133.59
ST008,Borivali,19.2307,72.8567,2026-04-07 10:00:00,temperature,32.04
ST008,Borivali,19.2307,72.8567,2026-04-07 10:00:00,humidity,70.95
ST008,Borivali,19.2307,72.8567,2026-04-08 10:00:00,pm25,46.91
ST008,Borivali,19.2307,72.8567,2026-04-08 10:00:00,pm10,130.29
ST008,Borivali,19.2307,72.8567,2026-04-08 10:00:00,temperature,31.83
ST008,Borivali,19.2307,72.8567,2026-04-08 10:00:00,humidity,69.17
ST008,Borivali,19.2307,72.8567,2026-04-09 10:00:00,pm25,29.82
ST008,Borivali,19.2307,72.8567,2026-04-09 10:00:00,pm10,91.08
ST008,Borivali,19.2307,72.8567,2026-04-09 10:00:00,temperature,31.31
ST008,Borivali,19.2307,72.8567,2026-04-09 10:00:00,humidity,69.51
ST008,Borivali,19.2307,72.8567,2026-04-10 10:00:00,pm25,29.55
ST008,Borivali,19.2307,72.8567,2026-04-10 10:00:00,pm10,94.65
ST008,Borivali,19.2307,72.8567,2026-04-10 10:00:00,temperature,31.69
ST008,Borivali,19.2307,72.8567,2026-04-10 10:00:00,humidity,70.28
ST008,Borivali,19.2307,72.8567,2026-04-11 10:00:00,pm25,35.41
ST008,Borivali,19.2307,72.8567,2026-04-11 10:00:00,pm10,92.01
ST008,Borivali,19.2307,72.8567,2026-04-11 10:00:00,temperature,32.38
ST008,Borivali,19.2307,72.8567,2026-04-11 10:00:00,humidity,69.07
ST008,Borivali,19.2307,72.8567,2026-04-12 10:00:00,pm25,35.49
ST008,Borivali,19.2307,72.8567,2026-04-12 10:00:00,pm10,89.05
ST008,Borivali,19.2307,72.8567,2026-04-12 10:00:00,temperature,32.91
ST008,Borivali,19.2307,72.8567,2026-04-12 10:00:00,humidity,65.99
ST008,Borivali,19.2307,72.8567,2026-04-13 10:00:00,pm25,38.62
ST008,Borivali,19.2307,72.8567,2026-04-13 10:00:00,pm10,87.31
ST008,Borivali,19.2307,72.8567,2026-04-13 10:00:00,temperature,33.49
ST008,Borivali,19.2307,72.8567,2026-04-13 10:00:00,humidity,65.68
ST008,Borivali,19.2307,72.8567,2026-04-14 10:00:00,pm25,41.98
ST008,Borivali,19.2307,72.8567,2026-04-14 10:00:00,pm10,90.76
ST008,Borivali,19.2307,72.8567,2026-04-14 10:00:00,temperature,33.07
ST008,Borivali,19.2307,72.8567,2026-04-14 10:00:00,humidity,66.56
ST008,Borivali,19.2307,72.8567,2026-04-15 10:00:00,pm25,42.27
ST008,Borivali,19.2307,72.8567,2026-04-15 10:00:00,pm10,83.06
ST008,Borivali,19.2307,72.8567,2026-04-15 10:00:00,temperature,32.74
ST008,Borivali,19.2307,72.8567,2026-04-15 10:00:00,humidity,66.48
ST008,Borivali,19.2307,72.8567,2026-04-16 10:00:00,pm25,48.17
ST008,Borivali,19.2307,72.8567,2026-04-16 10:00:00,pm10,78.70
ST008,Borivali,19.2307,72.8567,2026-04-16 10:00:00,temperature,33.38
ST008,Borivali,19.2307,72.8567,2026-04-16 10:00:00,humidity,67.67
ST008,Borivali,19.2307,72.8567,2026-04-17 10:00:00,pm25,50.90
ST008,Borivali,19.2307,72.8567,2026-04-17 10:00:00,pm10,76.53
ST008,Borivali,19.2307,72.8567,2026-04-17 10:00:00,temperature,33.78
ST008,Borivali,19.2307,72.8567,2026-04-17 10:00:00,humidity,68.94
ST008,Borivali,19.2307,72.8567,2026-04-18 10:00:00,pm25,49.76
ST008,Borivali,19.2307,72.8567,2026-04-18 10:00:00,pm10,78.65
ST008,Borivali,19.2307,72.8567,2026-04-18 10:00:00,temperature,33.93
ST008,Borivali,19.2307,72.8567,2026-04-18 10:00:00,humidity,67.79
ST008,Borivali,19.2307,72.8567,2026-04-19 10:00:00,pm25,48.13
ST008,Borivali,19.2307,72.8567,2026-04-19 10:00:00,pm10,76.28
ST008,Borivali,19.2307,72.8567,2026-04-19 10:00:00,temperature,34.30
ST008,Borivali,19.2307,72.8567,2026-04-19 10:00:00,humidity,67.21
ST008,Borivali,19.2307,72.8567,2026-04-20 10:00:00,pm25,46.95
ST008,Borivali,19.2307,72.8567,2026-04-20 10:00:00,pm10,80.21
ST008,Borivali,19.2307,72.8567,2026-04-20 10:00:00,temperature,34.81
ST008,Borivali,19.2307,72.8567,2026-04-20 10:00:00,humidity,68.37
ST008,Borivali,19.2307,72.8567,2026-04-21 10:00:00,pm25,50.46
ST008,Borivali,19.2307,72.8567,2026-04-21 10:00:00,pm10,77.01
ST008,Borivali,19.2307,72.8567,2026-04-21 10:00:00,temperature,34.69
ST008,Borivali,19.2307,72.8567,2026-04-21 10:00:00,humidity,63.54
ST008,Borivali,19.2307,72.8567,2026-04-22 10:00:00,pm25,87.12
ST008,Borivali,19.2307,72.8567,2026-04-22 10:00:00,pm10,126.77
ST008,Borivali,19.2307,72.8567,2026-04-22 10:00:00,temperature,34.44
ST008,Borivali,19.2307,72.8567,2026-04-22 10:00:00,humidity,62.43
ST008,Borivali,19.2307,72.8567,2026-04-23 10:00:00,pm25,73.72
ST008,Borivali,19.2307,72.8567,2026-04-23 10:00:00,pm10,119.20
ST008,Borivali,19.2307,72.8567,2026-04-23 10:00:00,temperature,34.49
ST008,Borivali,19.2307,72.8567,2026-04-23 10:00:00,humidity,64.02
ST008,Borivali,19.2307,72.8567,2026-04-24 10:00:00,pm25,46.93
ST008,Borivali,19.2307,72.8567,2026-04-24 10:00:00,pm10,74.86
ST008,Borivali,19.2307,72.8567,2026-04-24 10:00:00,temperature,34.73
ST008,Borivali,19.2307,72.8567,2026-04-24 10:00:00,humidity,64.94
ST008,Borivali,19.2307,72.8567,2026-04-25 10:00:00,pm25,47.39
ST008,Borivali,19.2307,72.8567,2026-04-25 10:00:00,pm10,78.11
ST008,Borivali,19.2307,72.8567,2026-04-25 10:00:00,temperature,35.60
ST008,Borivali,19.2307,72.8567,2026-04-25 10:00:00,humidity,64.10
ST008,Borivali,19.2307,72.8567,2026-04-26 10:00:00,pm25,48.36
ST008,Borivali,19.2307,72.8567,2026-04-26 10:00:00,pm10,78.34
ST008,Borivali,19.2307,72.8567,2026-04-26 10:00:00,temperature,34.65
ST008,Borivali,19.2307,72.8567,2026-04-26 10:00:00,humidity,64.15
ST008,Borivali,19.2307,72.8567,2026-04-27 10:00:00,pm25,41.38
ST008,Borivali,19.2307,72.8567,2026-04-27 10:00:00,pm10,74.34
ST008,Borivali,19.2307,72.8567,2026-04-27 10:00:00,temperature,35.73
ST008,Borivali,19.2307,72.8567,2026-04-27 10:00:00,humidity,61.91
ST008,Borivali,19.2307,72.8567,2026-04-28 10:00:00,pm25,59.41
ST008,Borivali,19.2307,72.8567,2026-04-28 10:00:00,pm10,104.01
ST008,Borivali,19.2307,72.8567,2026-04-28 10:00:00,temperature,34.43
ST008,Borivali,19.2307,72.8567,2026-04-28 10:00:00,humidity,64.48
ST008,Borivali,19.2307,72.8567,2026-04-29 10:00:00,pm25,53.85
ST008,Borivali,19.2307,72.8567,2026-04-29 10:00:00,pm10,102.53
ST008,Borivali,19.2307,72.8567,2026-04-29 10:00:00,temperature,36.09
ST008,Borivali,19.2307,72.8567,2026-04-29 10:00:00,humidity,62.49
ST008,Borivali,19.2307,72.8567,2026-04-30 10:00:00,pm25,39.83
ST008,Borivali,19.2307,72.8567,2026-04-30 10:00:00,pm10,71.54
ST008,Borivali,19.2307,72.8567,2026-04-30 10:00:00,temperature,36.75
ST008,Borivali,19.2307,72.8567,2026-04-30 10:00:00,humidity,61.89
ST008,Borivali,19.2307,72.8567,2026-05-01 10:00:00,pm25,43.06
ST008,Borivali,19.2307,72.8567,2026-05-01 10:00:00,pm10,70.42
ST008,Borivali,19.2307,72.8567,2026-05-01 10:00:00,temperature,36.68
ST008,Borivali,19.2307,72.8567,2026-05-01 10:00:00,humidity,61.76
ST008,Borivali,19.2307,72.8567,2026-05-02 10:00:00,pm25,44.32
ST008,Borivali,19.2307,72.8567,2026-05-02 10:00:00,pm10,67.19
ST008,Borivali,19.2307,72.8567,2026-05-02 10:00:00,temperature,37.63
ST008,Borivali,19.2307,72.8567,2026-05-02 10:00:00,humidity,59.83
ST008,Borivali,19.2307,72.8567,2026-05-03 10:00:00,pm25,37.55
ST008,Borivali,19.2307,72.8567,2026-05-03 10:00:00,pm10,67.81
ST008,Borivali,19.2307,72.8567,2026-05-03 10:00:00,temperature,37.40
ST008,Borivali,19.2307,72.8567,2026-05-03 10:00:00,humidity,56.20
ST009,Navi Mumbai,19.0368,73.0158,2026-04-01 10:00:00,pm25,68.80
ST009,Navi Mumbai,19.0368,73.0158,2026-04-01 10:00:00,pm10,115.94
ST009,Navi Mumbai,19.0368,73.0158,2026-04-01 10:00:00,temperature,27.54
ST009,Navi Mumbai,19.0368,73.0158,2026-04-01 10:00:00,humidity,65.06
ST009,Navi Mumbai,19.0368,73.0158,2026-04-02 10:00:00,pm25,65.52
ST009,Navi Mumbai,19.0368,73.0158,2026-04-02 10:00:00,pm10,111.09
ST009,Navi Mumbai,19.0368,73.0158,2026-04-02 10:00:00,temperature,27.20
ST009,Navi Mumbai,19.0368,73.0158,2026-04-02 10:00:00,humidity,63.07
ST009,Navi Mumbai,19.0368,73.0158,2026-04-03 10:00:00,pm25,65.03
ST009,Navi Mumbai,19.0368,73.0158,2026-04-03 10:00:00,pm10,110.48
ST009,Navi Mumbai,19.0368,73.0158,2026-04-03 10:00:00,temperature,28.34
ST009,Navi Mumbai,19.0368,73.0158,2026-04-03 10:00:00,humidity,65.26
ST009,Navi Mumbai,19.0368,73.0158,2026-04-04 10:00:00,pm25,62.02
ST009,Navi Mumbai,19.0368,73.0158,2026-04-04 10:00:00,pm10,111.13
ST009,Navi Mumbai,19.0368,73.0158,2026-04-04 10:00:00,temperature,27.83
ST009,Navi Mumbai,19.0368,73.0158,2026-04-04 10:00:00,humidity,63.51
ST009,Navi Mumbai,19.0368,73.0158,2026-04-05 10:00:00,pm25,60.46
ST009,Navi Mumbai,19.0368,73.0158,2026-04-05 10:00:00,pm10,117.92
ST009,Navi Mumbai,19.0368,73.0158,2026-04-05 10:00:00,temperature,28.87
ST009,Navi Mumbai,19.0368,73.0158,2026-04-05 10:00:00,humidity,63.85
ST009,Navi Mumbai,19.0368,73.0158,2026-04-06 10:00:00,pm25,61.64
ST009,Navi Mumbai,19.0368,73.0158,2026-04-06 10:00:00,pm10,116.60
ST009,Navi Mumbai,19.0368,73.0158,2026-04-06 10:00:00,temperature,28.03
ST009,Navi Mumbai,19.0368,73.0158,2026-04-06 10:00:00,humidity,64.89
ST009,Navi Mumbai,19.0368,73.0158,2026-04-07 10:00:00,pm25,60.64
ST009,Navi Mumbai,19.0368,73.0158,2026-04-07 10:00:00,pm10,119.85
ST009,Navi Mumbai,19.0368,73.0158,2026-04-07 10:00:00,temperature,28.71
ST009,Navi Mumbai,19.0368,73.0158,2026-04-07 10:00:00,humidity,65.16
ST009,Navi Mumbai,19.0368,73.0158,2026-04-08 10:00:00,pm25,58.59
ST009,Navi Mumbai,19.0368,73.0158,2026-04-08 10:00:00,pm10,127.65
ST009,Navi Mumbai,19.0368,73.0158,2026-04-08 10:00:00,temperature,28.09
ST009,Navi Mumbai,19.0368,73.0158,2026-04-08 10:00:00,humidity,67.46
ST009,Navi Mumbai,19.0368,73.0158,2026-04-09 10:00:00,pm25,62.89
ST009,Navi Mumbai,19.0368,73.0158,2026-04-09 10:00:00,pm10,118.40
ST009,Navi Mumbai,19.0368,73.0158,2026-04-09 10:00:00,temperature,28.34
ST009,Navi Mumbai,19.0368,73.0158,2026-04-09 10:00:00,humidity,68.80
ST009,Navi Mumbai,19.0368,73.0158,2026-04-10 10:00:00,pm25,64.92
ST009,Navi Mumbai,19.0368,73.0158,2026-04-10 10:00:00,pm10,117.98
ST009,Navi Mumbai,19.0368,73.0158,2026-04-10 10:00:00,temperature,28.20
ST009,Navi Mumbai,19.0368,73.0158,2026-04-10 10:00:00,humidity,65.93
ST009,Navi Mumbai,19.0368,73.0158,2026-04-11 10:00:00,pm25,63.96
ST009,Navi Mumbai,19.0368,73.0158,2026-04-11 10:00:00,pm10,121.81
ST009,Navi Mumbai,19.0368,73.0158,2026-04-11 10:00:00,temperature,27.44
ST009,Navi Mumbai,19.0368,73.0158,2026-04-11 10:00:00,humidity,62.05
ST009,Navi Mumbai,19.0368,73.0158,2026-04-12 10:00:00,pm25,60.15
ST009,Navi Mumbai,19.0368,73.0158,2026-04-12 10:00:00,pm10,124.18
ST009,Navi Mumbai,19.0368,73.0158,2026-04-12 10:00:00,temperature,28.65
ST009,Navi Mumbai,19.0368,73.0158,2026-04-12 10:00:00,humidity,61.59
ST009,Navi Mumbai,19.0368,73.0158,2026-04-13 10:00:00,pm25,56.61
ST009,Navi Mumbai,19.0368,73.0158,2026-04-13 10:00:00,pm10,124.03
ST009,Navi Mumbai,19.0368,73.0158,2026-04-13 10:00:00,temperature,30.02
ST009,Navi Mumbai,19.0368,73.0158,2026-04-13 10:00:00,humidity,65.92
ST009,Navi Mumbai,19.0368,73.0158,2026-04-14 10:00:00,pm25,54.10
ST009,Navi Mumbai,19.0368,73.0158,2026-04-14 10:00:00,pm10,123.11
ST009,Navi Mumbai,19.0368,73.0158,2026-04-14 10:00:00,temperature,28.22
ST009,Navi Mumbai,19.0368,73.0158,2026-04-14 10:00:00,humidity,62.05
ST009,Navi Mumbai,19.0368,73.0158,2026-04-15 10:00:00,pm25,56.56
ST009,Navi Mumbai,19.0368,73.0158,2026-04-15 10:00:00,pm10,120.66
ST009,Navi Mumbai,19.0368,73.0158,2026-04-15 10:00:00,temperature,27.71
ST009,Navi Mumbai,19.0368,73.0158,2026-04-15 10:00:00,humidity,64.49
ST009,Navi Mumbai,19.0368,73.0158,2026-04-16 10:00:00,pm25,63.45
ST009,Navi Mumbai,19.0368,73.0158,2026-04-16 10:00:00,pm10,125.76
ST009,Navi Mumbai,19.0368,73.0158,2026-04-16 10:00:00,temperature,28.07
ST009,Navi Mumbai,19.0368,73.0158,2026-04-16 10:00:00,humidity,61.78
ST009,Navi Mumbai,19.0368,73.0158,2026-04-17 10:00:00,pm25,63.28
ST009,Navi Mumbai,19.0368,73.0158,2026-04-17 10:00:00,pm10,127.53
ST009,Navi Mumbai,19.0368,73.0158,2026-04-17 10:00:00,temperature,27.21
ST009,Navi Mumbai,19.0368,73.0158,2026-04-17 10:00:00,humidity,62.81
ST009,Navi Mumbai,19.0368,73.0158,2026-04-18 10:00:00,pm25,60.78
ST009,Navi Mumbai,19.0368,73.0158,2026-04-18 10:00:00,pm10,124.80
ST009,Navi Mumbai,19.0368,73.0158,2026-04-18 10:00:00,temperature,28.20
ST009,Navi Mumbai,19.0368,73.0158,2026-04-18 10:00:00,humidity,60.78
ST009,Navi Mumbai,19.0368,73.0158,2026-04-19 10:00:00,pm25,62.07
ST009,Navi Mumbai,19.0368,73.0158,2026-04-19 10:00:00,pm10,124.38
ST009,Navi Mumbai,19.0368,73.0158,2026-04-19 10:00:00,temperature,27.43
ST009,Navi Mumbai,19.0368,73.0158,2026-04-19 10:00:00,humidity,61.64
ST009,Navi Mumbai,19.0368,73.0158,2026-04-20 10:00:00,pm25,61.35
ST009,Navi Mumbai,19.0368,73.0158,2026-04-20 10:00:00,pm10,123.15
ST009,Navi Mumbai,19.0368,73.0158,2026-04-20 10:00:00,temperature,27.46
ST009,Navi Mumbai,19.0368,73.0158,2026-04-20 10:00:00,humidity,60.60
ST009,Navi Mumbai,19.0368,73.0158,2026-04-21 10:00:00,pm25,65.03
ST009,Navi Mumbai,19.0368,73.0158,2026-04-21 10:00:00,pm10,131.59
ST009,Navi Mumbai,19.0368,73.0158,2026-04-21 10:00:00,temperature,28.40
ST009,Navi Mumbai,19.0368,73.0158,2026-04-21 10:00:00,humidity,62.25
ST009,Navi Mumbai,19.0368,73.0158,2026-04-22 10:00:00,pm25,98.48
ST009,Navi Mumbai,19.0368,73.0158,2026-04-22 10:00:00,pm10,200.00
ST009,Navi Mumbai,19.0368,73.0158,2026-04-22 10:00:00,temperature,27.55
ST009,Navi Mumbai,19.0368,73.0158,2026-04-22 10:00:00,humidity,60.68
ST009,Navi Mumbai,19.0368,73.0158,2026-04-23 10:00:00,pm25,84.78
ST009,Navi Mumbai,19.0368,73.0158,2026-04-23 10:00:00,pm10,177.47
ST009,Navi Mumbai,19.0368,73.0158,2026-04-23 10:00:00,temperature,28.27
ST009,Navi Mumbai,19.0368,73.0158,2026-04-23 10:00:00,humidity,60.90
ST009,Navi Mumbai,19.0368,73.0158,2026-04-24 10:00:00,pm25,61.36
ST009,Navi Mumbai,19.0368,73.0158,2026-04-24 10:00:00,pm10,131.47
ST009,Navi Mumbai,19.0368,73.0158,2026-04-24 10:00:00,temperature,27.96
ST009,Navi Mumbai,19.0368,73.0158,2026-04-24 10:00:00,humidity,57.26
ST009,Navi Mumbai,19.0368,73.0158,2026-04-25 10:00:00,pm25,58.57
ST009,Navi Mumbai,19.0368,73.0158,2026-04-25 10:00:00,pm10,135.97
ST009,Navi Mumbai,19.0368,73.0158,2026-04-25 10:00:00,temperature,28.03
ST009,Navi Mumbai,19.0368,73.0158,2026-04-25 10:00:00,humidity,56.77
ST009,Navi Mumbai,19.0368,73.0158,2026-04-26 10:00:00,pm25,59.40
ST009,Navi Mumbai,19.0368,73.0158,2026-04-26 10:00:00,pm10,138.93
ST009,Navi Mumbai,19.0368,73.0158,2026-04-26 10:00:00,temperature,28.01
ST009,Navi Mumbai,19.0368,73.0158,2026-04-26 10:00:00,humidity,57.69
ST009,Navi Mumbai,19.0368,73.0158,2026-04-27 10:00:00,pm25,58.21
ST009,Navi Mumbai,19.0368,73.0158,2026-04-27 10:00:00,pm10,144.04
ST009,Navi Mumbai,19.0368,73.0158,2026-04-27 10:00:00,temperature,27.52
ST009,Navi Mumbai,19.0368,73.0158,2026-04-27 10:00:00,humidity,55.40
ST009,Navi Mumbai,19.0368,73.0158,2026-04-28 10:00:00,pm25,59.59
ST009,Navi Mumbai,19.0368,73.0158,2026-04-28 10:00:00,pm10,139.93
ST009,Navi Mumbai,19.0368,73.0158,2026-04-28 10:00:00,temperature,28.70
ST009,Navi Mumbai,19.0368,73.0158,2026-04-28 10:00:00,humidity,57.78
ST009,Navi Mumbai,19.0368,73.0158,2026-04-29 10:00:00,pm25,62.48
ST009,Navi Mumbai,19.0368,73.0158,2026-04-29 10:00:00,pm10,144.62
ST009,Navi Mumbai,19.0368,73.0158,2026-04-29 10:00:00,temperature,27.56
ST009,Navi Mumbai,19.0368,73.0158,2026-04-29 10:00:00,humidity,55.40
ST009,Navi Mumbai,19.0368,73.0158,2026-04-30 10:00:00,pm25,66.63
ST009,Navi Mumbai,19.0368,73.0158,2026-04-30 10:00:00,pm10,141.27
ST009,Navi Mumbai,19.0368,73.0158,2026-04-30 10:00:00,temperature,27.03
ST009,Navi Mumbai,19.0368,73.0158,2026-04-30 10:00:00,humidity,56.26
ST009,Navi Mumbai,19.0368,73.0158,2026-05-01 10:00:00,pm25,66.95
ST009,Navi Mumbai,19.0368,73.0158,2026-05-01 10:00:00,pm10,140.63
ST009,Navi Mumbai,19.0368,73.0158,2026-05-01 10:00:00,temperature,27.44
ST009,Navi Mumbai,19.0368,73.0158,2026-05-01 10:00:00,humidity,57.55
ST009,Navi Mumbai,19.0368,73.0158,2026-05-02 10:00:00,pm25,70.79
ST009,Navi Mumbai,19.0368,73.0158,2026-05-02 10:00:00,pm10,142.39
ST009,Navi Mumbai,19.0368,73.0158,2026-05-02 10:00:00,temperature,27.32
ST009,Navi Mumbai,19.0368,73.0158,2026-05-02 10:00:00,humidity,53.15
ST009,Navi Mumbai,19.0368,73.0158,2026-05-03 10:00:00,pm25,73.53
ST009,Navi Mumbai,19.0368,73.0158,2026-05-03 10:00:00,pm10,143.49
ST009,Navi Mumbai,19.0368,73.0158,2026-05-03 10:00:00,temperature,27.18
ST009,Navi Mumbai,19.0368,73.0158,2026-05-03 10:00:00,humidity,54.15
ST010,Thane,19.2183,72.9781,2026-04-01 10:00:00,pm25,64.26
ST010,Thane,19.2183,72.9781,2026-04-01 10:00:00,pm10,107.37
ST010,Thane,19.2183,72.9781,2026-04-01 10:00:00,temperature,28.94
ST010,Thane,19.2183,72.9781,2026-04-01 10:00:00,humidity,72.06
ST010,Thane,19.2183,72.9781,2026-04-02 10:00:00,pm25,62.11
ST010,Thane,19.2183,72.9781,2026-04-02 10:00:00,pm10,110.76
ST010,Thane,19.2183,72.9781,2026-04-02 10:00:00,temperature,29.99
ST010,Thane,19.2183,72.9781,2026-04-02 10:00:00,humidity,69.86
ST010,Thane,19.2183,72.9781,2026-04-03 10:00:00,pm25,67.41
ST010,Thane,19.2183,72.9781,2026-04-03 10:00:00,pm10,116.84
ST010,Thane,19.2183,72.9781,2026-04-03 10:00:00,temperature,30.21
ST010,Thane,19.2183,72.9781,2026-04-03 10:00:00,humidity,70.10
ST010,Thane,19.2183,72.9781,2026-04-04 10:00:00,pm25,67.42
ST010,Thane,19.2183,72.9781,2026-04-04 10:00:00,pm10,121.18
ST010,Thane,19.2183,72.9781,2026-04-04 10:00:00,temperature,29.53
ST010,Thane,19.2183,72.9781,2026-04-04 10:00:00,humidity,65.82
ST010,Thane,19.2183,72.9781,2026-04-05 10:00:00,pm25,65.06
ST010,Thane,19.2183,72.9781,2026-04-05 10:00:00,pm10,123.65
ST010,Thane,19.2183,72.9781,2026-04-05 10:00:00,temperature,29.38
ST010,Thane,19.2183,72.9781,2026-04-05 10:00:00,humidity,68.24
ST010,Thane,19.2183,72.9781,2026-04-06 10:00:00,pm25,60.90
ST010,Thane,19.2183,72.9781,2026-04-06 10:00:00,pm10,132.40
ST010,Thane,19.2183,72.9781,2026-04-06 10:00:00,temperature,29.64
ST010,Thane,19.2183,72.9781,2026-04-06 10:00:00,humidity,62.80
ST010,Thane,19.2183,72.9781,2026-04-07 10:00:00,pm25,59.69
ST010,Thane,19.2183,72.9781,2026-04-07 10:00:00,pm10,127.16
ST010,Thane,19.2183,72.9781,2026-04-07 10:00:00,temperature,30.27
ST010,Thane,19.2183,72.9781,2026-04-07 10:00:00,humidity,65.61
ST010,Thane,19.2183,72.9781,2026-04-08 10:00:00,pm25,60.76
ST010,Thane,19.2183,72.9781,2026-04-08 10:00:00,pm10,123.37
ST010,Thane,19.2183,72.9781,2026-04-08 10:00:00,temperature,29.89
ST010,Thane,19.2183,72.9781,2026-04-08 10:00:00,humidity,63.17
ST010,Thane,19.2183,72.9781,2026-04-09 10:00:00,pm25,64.31
ST010,Thane,19.2183,72.9781,2026-04-09 10:00:00,pm10,128.15
ST010,Thane,19.2183,72.9781,2026-04-09 10:00:00,temperature,31.19
ST010,Thane,19.2183,72.9781,2026-04-09 10:00:00,humidity,63.34
ST010,Thane,19.2183,72.9781,2026-04-10 10:00:00,pm25,65.44
ST010,Thane,19.2183,72.9781,2026-04-10 10:00:00,pm10,137.35
ST010,Thane,19.2183,72.9781,2026-04-10 10:00:00,temperature,30.24
ST010,Thane,19.2183,72.9781,2026-04-10 10:00:00,humidity,65.97
ST010,Thane,19.2183,72.9781,2026-04-11 10:00:00,pm25,65.43
ST010,Thane,19.2183,72.9781,2026-04-11 10:00:00,pm10,137.15
ST010,Thane,19.2183,72.9781,2026-04-11 10:00:00,temperature,30.51
ST010,Thane,19.2183,72.9781,2026-04-11 10:00:00,humidity,62.12
ST010,Thane,19.2183,72.9781,2026-04-12 10:00:00,pm25,63.25
ST010,Thane,19.2183,72.9781,2026-04-12 10:00:00,pm10,131.38
ST010,Thane,19.2183,72.9781,2026-04-12 10:00:00,temperature,31.06
ST010,Thane,19.2183,72.9781,2026-04-12 10:00:00,humidity,62.60
ST010,Thane,19.2183,72.9781,2026-04-13 10:00:00,pm25,61.70
ST010,Thane,19.2183,72.9781,2026-04-13 10:00:00,pm10,123.40
ST010,Thane,19.2183,72.9781,2026-04-13 10:00:00,temperature,30.93
ST010,Thane,19.2183,72.9781,2026-04-13 10:00:00,humidity,63.98
ST010,Thane,19.2183,72.9781,2026-04-14 10:00:00,pm25,63.44
ST010,Thane,19.2183,72.9781,2026-04-14 10:00:00,pm10,129.76
ST010,Thane,19.2183,72.9781,2026-04-14 10:00:00,temperature,32.83
ST010,Thane,19.2183,72.9781,2026-04-14 10:00:00,humidity,65.19
ST010,Thane,19.2183,72.9781,2026-04-15 10:00:00,pm25,65.35
ST010,Thane,19.2183,72.9781,2026-04-15 10:00:00,pm10,133.55
ST010,Thane,19.2183,72.9781,2026-04-15 10:00:00,temperature,32.13
ST010,Thane,19.2183,72.9781,2026-04-15 10:00:00,humidity,60.75
ST010,Thane,19.2183,72.9781,2026-04-16 10:00:00,pm25,62.12
ST010,Thane,19.2183,72.9781,2026-04-16 10:00:00,pm10,137.07
ST010,Thane,19.2183,72.9781,2026-04-16 10:00:00,temperature,32.12
ST010,Thane,19.2183,72.9781,2026-04-16 10:00:00,humidity,59.94
ST010,Thane,19.2183,72.9781,2026-04-17 10:00:00,pm25,64.23
ST010,Thane,19.2183,72.9781,2026-04-17 10:00:00,pm10,134.94
ST010,Thane,19.2183,72.9781,2026-04-17 10:00:00,temperature,32.26
ST010,Thane,19.2183,72.9781,2026-04-17 10:00:00,humidity,59.65
ST010,Thane,19.2183,72.9781,2026-04-18 10:00:00,pm25,64.92
ST010,Thane,19.2183,72.9781,2026-04-18 10:00:00,pm10,128.53
ST010,Thane,19.2183,72.9781,2026-04-18 10:00:00,temperature,32.37
ST010,Thane,19.2183,72.9781,2026-04-18 10:00:00,humidity,59.37
ST010,Thane,19.2183,72.9781,2026-04-19 10:00:00,pm25,64.69
ST010,Thane,19.2183,72.9781,2026-04-19 10:00:00,pm10,127.28
ST010,Thane,19.2183,72.9781,2026-04-19 10:00:00,temperature,33.25
ST010,Thane,19.2183,72.9781,2026-04-19 10:00:00,humidity,57.96
ST010,Thane,19.2183,72.9781,2026-04-20 10:00:00,pm25,57.90
ST010,Thane,19.2183,72.9781,2026-04-20 10:00:00,pm10,129.98
ST010,Thane,19.2183,72.9781,2026-04-20 10:00:00,temperature,34.31
ST010,Thane,19.2183,72.9781,2026-04-20 10:00:00,humidity,56.83
ST010,Thane,19.2183,72.9781,2026-04-21 10:00:00,pm25,74.54
ST010,Thane,19.2183,72.9781,2026-04-21 10:00:00,pm10,159.21
ST010,Thane,19.2183,72.9781,2026-04-21 10:00:00,temperature,35.53
ST010,Thane,19.2183,72.9781,2026-04-21 10:00:00,humidity,56.79
ST010,Thane,19.2183,72.9781,2026-04-22 10:00:00,pm25,56.89
ST010,Thane,19.2183,72.9781,2026-04-22 10:00:00,pm10,117.81
ST010,Thane,19.2183,72.9781,2026-04-22 10:00:00,temperature,35.78
ST010,Thane,19.2183,72.9781,2026-04-22 10:00:00,humidity,56.53
ST010,Thane,19.2183,72.9781,2026-04-23 10:00:00,pm25,55.39
ST010,Thane,19.2183,72.9781,2026-04-23 10:00:00,pm10,116.18
ST010,Thane,19.2183,72.9781,2026-04-23 10:00:00,temperature,34.75
ST010,Thane,19.2183,72.9781,2026-04-23 10:00:00,humidity,55.78
ST010,Thane,19.2183,72.9781,2026-04-24 10:00:00,pm25,52.24
ST010,Thane,19.2183,72.9781,2026-04-24 10:00:00,pm10,109.87
ST010,Thane,19.2183,72.9781,2026-04-24 10:00:00,temperature,35.41
ST010,Thane,19.2183,72.9781,2026-04-24 10:00:00,humidity,55.05
ST010,Thane,19.2183,72.9781,2026-04-25 10:00:00,pm25,54.53
ST010,Thane,19.2183,72.9781,2026-04-25 10:00:00,pm10,112.21
ST010,Thane,19.2183,72.9781,2026-04-25 10:00:00,temperature,35.03
ST010,Thane,19.2183,72.9781,2026-04-25 10:00:00,humidity,54.66
ST010,Thane,19.2183,72.9781,2026-04-26 10:00:00,pm25,53.51
ST010,Thane,19.2183,72.9781,2026-04-26 10:00:00,pm10,106.20
ST010,Thane,19.2183,72.9781,2026-04-26 10:00:00,temperature,35.49
ST010,Thane,19.2183,72.9781,2026-04-26 10:00:00,humidity,55.85
ST010,Thane,19.2183,72.9781,2026-04-27 10:00:00,pm25,56.55
ST010,Thane,19.2183,72.9781,2026-04-27 10:00:00,pm10,107.34
ST010,Thane,19.2183,72.9781,2026-04-27 10:00:00,temperature,35.74
ST010,Thane,19.2183,72.9781,2026-04-27 10:00:00,humidity,56.90
ST010,Thane,19.2183,72.9781,2026-04-28 10:00:00,pm25,60.19
ST010,Thane,19.2183,72.9781,2026-04-28 10:00:00,pm10,111.63
ST010,Thane,19.2183,72.9781,2026-04-28 10:00:00,temperature,34.97
ST010,Thane,19.2183,72.9781,2026-04-28 10:00:00,humidity,57.50
ST010,Thane,19.2183,72.9781,2026-04-29 10:00:00,pm25,58.89
ST010,Thane,19.2183,72.9781,2026-04-29 10:00:00,pm10,113.20
ST010,Thane,19.2183,72.9781,2026-04-29 10:00:00,temperature,35.91
ST010,Thane,19.2183,72.9781,2026-04-29 10:00:00,humidity,57.73
ST010,Thane,19.2183,72.9781,2026-04-30 10:00:00,pm25,60.11
ST010,Thane,19.2183,72.9781,2026-04-30 10:00:00,pm10,114.75
ST010,Thane,19.2183,72.9781,2026-04-30 10:00:00,temperature,36.29
ST010,Thane,19.2183,72.9781,2026-04-30 10:00:00,humidity,56.03
ST010,Thane,19.2183,72.9781,2026-05-01 10:00:00,pm25,63.63
ST010,Thane,19.2183,72.9781,2026-05-01 10:00:00,pm10,110.09
ST010,Thane,19.2183,72.9781,2026-05-01 10:00:00,temperature,35.76
ST010,Thane,19.2183,72.9781,2026-05-01 10:00:00,humidity,58.08
ST010,Thane,19.2183,72.9781,2026-05-02 10:00:00,pm25,61.58
ST010,Thane,19.2183,72.9781,2026-05-02 10:00:00,pm10,115.03
ST010,Thane,19.2183,72.9781,2026-05-02 10:00:00,temperature,36.25
ST010,Thane,19.2183,72.9781,2026-05-02 10:00:00,humidity,56.66
ST010,Thane,19.2183,72.9781,2026-05-03 10:00:00,pm25,59.59
ST010,Thane,19.2183,72.9781,2026-05-03 10:00:00,pm10,110.40
ST010,Thane,19.2183,72.9781,2026-05-03 10:00:00,temperature,36.54
ST010,Thane,19.2183,72.9781,2026-05-03 10:00:00,humidity,57.69
